library_name,library_type,segment_variant,region,city,email,phone,address,website,source_url,source_date,in_greece,subject_variant,sent_date,replied,outcome,notes
Βιβλιοθήκη και κέντρο πληροφόρησης Ιονίου Πανεπιστημίου,academic,-,Ιόνια Νησιά,Ιωάννου Θεοτόκη,LibraryLoan@ionio.gr,"2661087323, 4, 5, 6, 7","Ιωάννου Θεοτόκη 72, Τ.Κ. 49132, Κέρκυρα",https://library.ionio.gr/gr/,https://network.nlg.gr/library/vivliothiki-kai-kentro-pliroforisis-ioniou-panepistimiou/,2026-08-21,yes,1,,,,ακαδημαϊκή — εκτός 1ου κύματος
Δημοτική Βιβλιοθήκη Άρτας,public,B,Ήπειρος,Άρτα,library@arta.gr,,,http://arta.elidoc.gr,http://arta.elidoc.gr,2026-08-21,yes,1,,,,βρέθηκε με σάρωση δήμων· επαληθεύτηκε στη σελίδα του δήμου
"Δημοτική Βιβλιοθήκη Πρέβεζας ""Γυμνασιάρχης Χρ. Κοντός""",public,B,Ήπειρος,Εθν. Αντίστασης  Πρέβεζα,dbprevezas@yahoo.gr,2682028098 2682029889 2682360341,Εθν. Αντίστασης 10 Πρέβεζα 481 00,,https://network.nlg.gr/library/dimotiki-vivliothiki-prevezas-gimnasiarchis-chr-kontos/,2026-08-21,yes,1,,,,
Δημόσια Κεντρική Βιβλιοθήκη Κόνιτσας,public,B,Ήπειρος,Κόνιτσα,lib-koni@otenet.gr,"2655360031, 2665022298, 2655022298","Χώρος Δημοτικής Αγοράς, Κόνιτσα, ΤΚ 44100, Π.Ε. Ιωαννίνων",http://www.libkon.gr/,https://network.nlg.gr/library/dimosia-kentriki-vivliothiki-konitsas/,2026-08-21,yes,1,,,,
Παιδική Βιβλιοθήκη Μετσόβου,community,B,Ήπειρος,Μέτσοβο,tositsa.vivliothiki@gmail.com,2656041365,"Ίδρυμα Βαρώνου Μιχαήλ Τοσίτσα, Μέτσοβο 44200",,https://network.nlg.gr/library/pediki-vivliothiki-metsovou/,2026-08-21,yes,1,,,,
Βιβλιοθήκη Δήμου Σουφλίου,public,B,Αν. Μακεδονία & Θράκη,Ερμού,mail@vivl-soufl.evr.sch.gr,2554022209,"Ερμού 2, Σουφλί 684 00, Ελλάδα",https://souflilib.openabekt.gr/,https://network.nlg.gr/library/vivliothiki-ke-ko-p-a-p-dimoy-soyflioy/,2026-08-21,yes,1,,,,
Δημοτική Βιβλιοθήκη Αδριανής,public,B,Αν. Μακεδονία & Θράκη,Adriani Τ.Κ.,library@0835.syzefxis.gov.gr,"25210 82164, 2521352321, 2521352322","Adriani Τ.Κ. 661 00, Paranesti, Greece",,https://network.nlg.gr/library/dimotiki-vivliothiki-andrianis/,2026-08-21,yes,1,,,,
Δημοτική Βιβλιοθήκη Αλεξανδρούπολης,public,B,Αν. Μακεδονία & Θράκη,Αίνου  Αλεξανδρούπολη,axdlibrary@gmail.com,2551089690,Αίνου 46 Αλεξανδρούπολη 68132,http://www.alexpolis.gr,https://network.nlg.gr/library/dimotiki-vivliothiki-alexandroupolis/,2026-08-21,yes,1,,,,
Δημοτική Βιβλιοθήκη Διδυμοτείχου,public,B,Αν. Μακεδονία & Θράκη,Οθωνος,librarydid@gmail.com,"2553 350 411, 2553 022 205","Οθωνος 35, Διδυμότειχο 683 00, Ελλάδα",,https://network.nlg.gr/library/dimotiki-vivliothiki-didymoteichoy/,2026-08-21,yes,1,,,,
Δημοτική Βιβλιοθήκη Κάτω Νευροκοπίου,public,B,Αν. Μακεδονία & Θράκη,Κάτω Νευροκόπι,dembiblnevrokopi@gmail.com,,,https://nevrokopi.gr/o-dimos/dimotiki-vivliothiki/,https://nevrokopi.gr/o-dimos/dimotiki-vivliothiki/,2026-08-21,yes,1,,,,βρέθηκε με σάρωση δήμων· επαληθεύτηκε στη σελίδα του δήμου
"Δημοτική Βιβλιοθήκη Καβάλας ""Βασίλης Βασιλικός""",public,B,Αν. Μακεδονία & Θράκη,Κασσάνδρου,dimotikibibl@kavala.gov.gr,2513 500401,"Κασσάνδρου 6, Καβάλα 654 03, Ελλάδα",http://library.kavala.gov.gr,https://network.nlg.gr/library/dimotiki-vivliothiki-kavalas-vasilis-vasilikos/,2026-08-21,yes,1,,,,
Δημοτική Βιβλιοθήκη Κομοτηνής,public,B,Αν. Μακεδονία & Θράκη,Δημοκρίτου  και Στουκόπουλου,vivkomot@otenet.gr,2531022589,"Δημοκρίτου 17 και Στουκόπουλου, Κομοτηνή 691 00, Ελλάδα",https://komotinilib.openabekt.gr/,https://network.nlg.gr/library/dimotiki-vivliothiki-komotinis/,2026-08-21,yes,1,,,,
Δημοτική Βιβλιοθήκη Κυπρίνου,public,B,Αν. Μακεδονία & Θράκη,Kyprinos,libkyp@gmail.com,2556022200,"Kyprinos 680 06, Greece",,https://network.nlg.gr/library/dimotiki-vivliothiki-kyprinoy/,2026-08-21,yes,1,,,,
Δημοτική Βιβλιοθήκη Ορεστιάδας-ΔΗ.Κ.Ε.Π.Α.Ο.,public,B,Αν. Μακεδονία & Θράκη,Ευριπίδου Ζίγκμπουργκ,vivlorestevr@sch.gr,25520 27588,"Ευριπίδου Ζίγκμπουργκ 65, Ορεστιάδα 682 00",https://liborest.gr/,https://network.nlg.gr/library/dimotiki-vivliothiki-orestiadas-di-k-e-p-a-o/,2026-08-21,yes,1,,,,
Δημοτική Βιβλιοθήκη Σαπών,public,B,Αν. Μακεδονία & Θράκη,Πεζόδρομος Μπακογιάννη Παύλου,sapeslibrary26@gmail.com,2532023570,Πεζόδρομος Μπακογιάννη Παύλου 32,,https://network.nlg.gr/library/dimotiki-vivliothiki-sapon/,2026-08-21,yes,1,,,,
Δημοτική Βιβλιοθήκη Τυχερού,public,B,Αν. Μακεδονία & Θράκη,Tompaidi,btychero20@gmail.com,2554041912,"Tompaidi 21, Tichero 680 03, Greece",,https://network.nlg.gr/library/dimotiki-vivliothiki-tycheroy/,2026-08-21,yes,1,,,,
Δημόσια Κεντρική Βιβλιοθήκη Δράμας,public,B,Αν. Μακεδονία & Θράκη,Αγίας Βαρβάρας  Δράμα,kenbibldra@sch.gr,2521033382,Αγίας Βαρβάρας 5 Δράμα 66100,http://vivl-dramas.dra.sch.gr/,https://network.nlg.gr/library/dimosia-kentriki-vivliothiki-dramas/,2026-08-21,yes,1,,,,
Δημόσια Κεντρική Βιβλιοθήκη Ελευθερούπολης,public,B,Αν. Μακεδονία & Θράκη,Πλατεία Αγίου Νικολάου,mail@vivl-elefth.kav.sch.gr,2592022545,"Πλατεία Αγίου Νικολάου 6, Τ.Κ. 64100, Ελευθερούπολη Καβάλας",,https://network.nlg.gr/library/dimosia-kentriki-vivliothiki-eleftheroupolis/,2026-08-21,yes,1,,,,
Διεύθυνση Πολιτισμού Δήμου Ξάνθης-Βιβλιοθήκη,public,B,Αν. Μακεδονία & Θράκη,Πλατεία Διοικητηρίου Α Ξάνθη,vivlio@cityofxanthi.gr,2541022415,Πλατεία Διοικητηρίου 1Α Ξάνθη 67133,http://www.cultureofxanthi.gr,https://network.nlg.gr/library/kentro-politismou-dimou-xanthis-vivliothiki/,2026-08-21,yes,1,,,,
Παιδική και Εφηβική Βιβλιοθήκη Ξυλαγανής,community,B,Αν. Μακεδονία & Θράκη,Ξυλαγανή,xylibrarykids@gmail.com,"6940867480, 6981694985","Ξυλαγανή 694 00, Ελλάδα",,https://network.nlg.gr/library/paidiki-kai-efiviki-vivliothiki-xylaganis/,2026-08-21,yes,1,,,,
Αισχύλειος Δημοτική Βιβλιοθήκη Ελευσίνας,public,B,Αττική,Παγκάλου και Κίμωνος  Ελευσίνα,vivlio.ele@elefsina.gr,2105565601,Παγκάλου και Κίμωνος 11 Ελευσίνα 19200,https://elefsina.gr/el/content/%CE%B1%CE%B9%CF%83%CF%87%CF%8D%CE%BB%CE%B5%CE%B9%CE%B1-%CE%B4%CE%B7%CE%BC%CE%BF%CF%84%CE%B9%CE%BA%CE%AE-%CE%B2%CE%B9%CE%B2%CE%BB%CE%B9%CE%BF%CE%B8%CE%AE%CE%BA%CE%B7,https://network.nlg.gr/library/eschilios-dimotiki-vivliothiki-elefsinas/,2026-08-21,yes,1,,,,
"Βιβλιοθήκη Δήμου Αγίας Βαρβάρας ""Ν. Χαχλάκης""",public,B,Αττική,Σερίφου  Αγία Βαρβάρα,librarydab@yahoo.gr,2105699423,Σερίφου 2 Αγία Βαρβάρα 12351,,https://network.nlg.gr/library/vivliothiki-dimou-agias-varvaras-n-chachlakis/,2026-08-21,yes,1,,,,
"Βιβλιοθήκη Οργανισμού Παιδείας Πολιτισμού και Περιβάλλοντος ""Ο ΞΕΝΟΦΩΝ"" Δήμου Σπάτων Αρτέμιδος",public,B,Αττική,Λεωφόρος Βραυρώνος η Στάση Αρτέμιδα Αττικής,oxenofonnpdd@gmail.com,2294045565,Λεωφόρος Βραυρώνος 5η Στάση Αρτέμιδα Αττικής 19016,,https://network.nlg.gr/library/vivliothiki-organismou-pedias-politismou-ke-perivallontos-o-xenofon-dimou-spaton-artemidos/,2026-08-21,yes,1,,,,
Βιβλιοθήκη Πνευματικού Κέντρου Θρακομακεδόνων,public,B,Αττική,Πλατεία Αριστοτέλους και Ορφέως Θρακομακεδόνες Αχαρνές,pnevmatikokentro@yahoo.gr,2132140322,Πλατεία Αριστοτέλους και Ορφέως Θρακομακεδόνες Αχαρνές 13676,,https://network.nlg.gr/library/vivliothiki-pnevmatikou-kentrou-thrakomakedonon/,2026-08-21,yes,1,,,,
"Βιβλιοθήκη Σαρωνίδας ""Αντώνιος Ιωαννίδης""",public,B,Αττική,Αρμονίας,anioan@otenet.gr,"6973660766, 2291053843","Αρμονίας 25, Σαρωνίδα 190 13, Ελλάδα",,https://network.nlg.gr/library/vivliothiki-saronidas-quot-antonios-ioannidis-quot/,2026-08-21,yes,1,,,,
Βορέειος Βιβλιοθήκη Δήμου Αμαρουσίου,public,B,Αττική,Στέφανου Δραγούμη  & Μιλτιάδου Μαρούσι Αττικής,biblio@maroussi.gr,2106147181,Στέφανου Δραγούμη 30 & Μιλτιάδου Μαρούσι Αττικής 151 22,http://www.voreeios.gr,https://network.nlg.gr/library/voreios-vivliothiki-dimou-amarousiou/,2026-08-21,yes,1,,,,
Βρεφική-Νηπιακή Βιβλιοθήκη ΟΠΑΝ Δήμου Αθηναίων,community,B,Αττική,Αμπελόκηποι Αθήνα,vrefikilibrary@gmail.com,2108829735,"Λάμψα & Τριφυλίας, Αμπελόκηποι Αθήνα 11524",http://www.opanda.gr/?page_id=7921,https://network.nlg.gr/library/vrefiki-nipiaki-vivliothiki-opan-dimou-athineon/,2026-08-21,yes,1,,,,
Δημοσθένειος Δημοτική Βιβλιοθήκη Παιανίας,public,B,Αττική,Λ.Μαργέτη & Νικολογιάννη  Παιανία Αττικής,dimostheneios.library@gmail.com,2106646575,Λ.Μαργέτη & Νικολογιάννη 1 Παιανία Αττικής 19002,,https://network.nlg.gr/library/dimosthenios-dimotiki-vivliothiki-peanias/,2026-08-21,yes,1,,,,
"Δημοτική Βιβλιοθήκη ""Χρήστος Μπέκας"" του Δήμου Σπάτων-Αρτέμιδος",public,B,Αττική,Σπάτα,info@spatapolixoros.gr,2106634178,"Αδαμαντίου Κοραή και Βύρωνος, Σπάτα, Νομός Αττικής, 19004",,https://network.nlg.gr/library/vivliothiki-pnevmatikou-kentrou-christos-bekas-dimou-spaton-artemidos/,2026-08-21,yes,1,,,,
Δημοτική Βιβλιοθήκη Αγ.Ιωάννη Ρέντη,public,B,Αττική,Μπιχάκη  Αγ. Ιωάννης Ρέντης,vivliorentis@yahoo.gr,2104838374,Μπιχάκη 15 Αγ. Ιωάννης Ρέντης 18233,http://nikaiarentislib.blogspot.gr/,https://network.nlg.gr/library/vivliothiki-ag-i-renti/,2026-08-21,yes,1,,,,
Δημοτική Βιβλιοθήκη Αγίων Αναργύρων-Καματερού,public,B,Αττική,Άγιοι Ανάργυροι,vivliothiki@agankam.gov.gr,,,https://www.agan.gov.gr/,https://www.agan.gov.gr/,2026-08-21,yes,1,,,,βρέθηκε με σάρωση δήμων· επαληθεύτηκε στη σελίδα του δήμου
Δημοτική Βιβλιοθήκη Αιγάλεω,public,B,Αττική,Δημαρχείου  και Κουντουριώτη Αιγάλεω,libraryaigaleo@gmail.com,210-5907060,Δημαρχείου 17 και Κουντουριώτη Αιγάλεω 12242,,https://network.nlg.gr/library/dimotiki-vivliothiki-egaleo/,2026-08-21,yes,1,,,,
Δημοτική Βιβλιοθήκη Αλίμου ΘΟΠΑΑ,public,B,Αττική,Μπιζανίου,vliothiki.thopaa@gmail.com,2109833399,"Μπιζανίου 18, 174 56 Άλιμος",http://www.thopaa.gr/vivliothiki/,https://network.nlg.gr/library/dimotiki-vivliothiki-alimou-thopaa/,2026-08-21,yes,1,,,,
"Δημοτική Βιβλιοθήκη Αυλώνα ""Δημήτριος Λιακούρης""",public,B,Αττική,Αυλώνα,biblioavlon@gmail.com,,"Τέρμα Ρήγα Φεραίου, Αυλώνα 19011",,https://network.nlg.gr/library/dimotiki-vivliothiki-avlona-dimitrios-liakouris/,2026-08-21,yes,1,,,,
Δημοτική Βιβλιοθήκη Αχαρνών,public,B,Αττική,Δεκελείας  & Δημοκρίτου,library@acharnes.gr,210 2476213,"Δεκελείας 40 & Δημοκρίτου, Αχαρνές, Τ.Κ. 13674, Αττική",,https://network.nlg.gr/library/dimotiki-vivliothiki-acharnon/,2026-08-21,yes,1,,,,
Δημοτική Βιβλιοθήκη Γλυφάδας,public,B,Αττική,Επαμεινώνδα,library@glyfada.gr,210 96 41 298,"Επαμεινώνδα 30, Γλυφάδα 166 74",http://www.glyfada.gr/frontoffice/portal.asp?cpage=RESOURCE&cresrc=232&cnode=164,https://network.nlg.gr/library/dimotiki-vivliothiki-glifadas/,2026-08-21,yes,1,,,,
Δημοτική Βιβλιοθήκη Δάφνης,public,B,Αττική,Ηλιουπόλεως  Δάφνη,dafnilibrary@gmail.com,2109711141,Ηλιουπόλεως 120 Δάφνη 17237,,https://network.nlg.gr/library/dimotiki-vivliothiki-dafnis/,2026-08-21,yes,1,,,,
Δημοτική Βιβλιοθήκη Δήμου Αγίου Δημητρίου,public,B,Αττική,Ειρήνης,dad-lib@dad.gr,2109719423,"Ειρήνης 17, Αγ. Δημήτριος 173 41, Ελλάδα",http://www.dad.gr/index.php/library,https://network.nlg.gr/library/dimotiki-vivliothiki-dimou-agiou-dimitriou/,2026-08-21,yes,1,,,,
Δημοτική Βιβλιοθήκη Δήμου Γαλατσίου- στο Καμίνι,public,B,Αττική,Χρήστου Καψάλη -,kamini@galatsi.gr,"2102927330, 2102132430","Χρήστου Καψάλη 14-16, Γαλάτσι 111 46",http://www.tokamini.gr,https://network.nlg.gr/library/dimotiki-vivliothiki-dimou-galatsiou/,2026-08-21,yes,1,,,,
Δημοτική Βιβλιοθήκη Δήμου Ηρακλείου Αττικής,public,B,Αττική,ΚΟΥΝΤΟΥΡΙΩΤΟΥ Α & ΝΕΟΤΗΤΟΣ,library@iraklio.gr,"2102826276, 2102856837","ΚΟΥΝΤΟΥΡΙΩΤΟΥ 18Α & ΝΕΟΤΗΤΟΣ, 141 22, ΒΟΡΕΙΟΥ ΤΟΜΕΑ ΑΘΗΝΩΝ, Ηράκλειο Αττικής, Ελλάδα",,https://network.nlg.gr/library/vivliothiki-dimou-irakliou-attikis/,2026-08-21,yes,1,,,,
Δημοτική Βιβλιοθήκη Δήμου Μεταμόρφωσης,public,B,Αττική,Μεταμόρφωση,library@metamorfossi.gr,210 2850163,"Φωτίου Γκινοσάτη & Νικολάου Πλαστήρα, Μεταμόρφωση 144 52",,https://network.nlg.gr/library/dimotiki-vivliothiki-dimou-metamorfosis/,2026-08-21,yes,1,,,,
Δημοτική Βιβλιοθήκη Δήμου Ραφήνας Πικερμίου,public,B,Αττική,Ραφήνα,raf_bibl@hotmail.com,2294026349,"Αραφηνίδων Αλών και Έλλης Αλεξίου, Ραφήνα 190 09",,https://network.nlg.gr/library/vivliothiki-dimou-rafinas-pikermiou/,2026-08-21,yes,1,,,,
Δημοτική Βιβλιοθήκη Διονύσου,public,B,Αττική,Ν. Πλαστήρα,vivliothikidionysou@dionysos.gr,2132139935,"Ν. Πλαστήρα 50, Διόνυσος 14576",,https://network.nlg.gr/library/dimotiki-vivliothiki-dionisou/,2026-08-21,yes,1,,,,
Δημοτική Βιβλιοθήκη Δραπετσώνας,public,B,Αττική,Αγωνιστών Πολυτεχνείου & Καραϊσκάκη Δραπετσώνα,drapetsonalib@gmail.com,2132004097,Αγωνιστών Πολυτεχνείου & Καραϊσκάκη Δραπετσώνα 18648,http://keratsinilibrary.blogspot.com,https://network.nlg.gr/library/dimotiki-vivliothiki-keratsiniou-drapetsonas-vivliothiki-drapetsonas/,2026-08-21,yes,1,,,,
Δημοτική Βιβλιοθήκη Ελληνικού Αργυρούπολης,public,B,Αττική,Rethimnis  and Dodekanisou,library@elliniko-argyroupoli.gr,"2132026031, 2132019220 2132019220","Rethimnis 1 and Dodekanisou 37, Argiroupoli 164 52, Greece",http://www.elliniko-argyroupoli.gr/,https://network.nlg.gr/library/dimotiki-vivliothiki-ellinikoy-argyroypolis/,2026-08-21,yes,1,,,,
Δημοτική Βιβλιοθήκη Ζωγράφου,public,B,Αττική,Λεωφόρος Παπάγου -,lib-zogr@otenet.gr,210-7704605,"Λεωφόρος Παπάγου 30-32, Ζωγράφου 15771",http://www.zografou.gov.gr,https://network.nlg.gr/library/dimotiki-vivliothiki-zografou/,2026-08-21,yes,1,,,,
Δημοτική Βιβλιοθήκη Ηλιούπολης,public,B,Αττική,Νικομάχου  Ηλιούπολη Αττικής,library@politismos-ilioupoli.gr,210 9948344,Νικομάχου 18 Ηλιούπολη Αττικής 16341,,https://network.nlg.gr/library/dimotiki-vivliothiki-ilioupolis/,2026-08-21,yes,1,,,,
Δημοτική Βιβλιοθήκη Ιλίου - Αγίου Φανουρίου,public,B,Αττική,Αγίου Φανουρίου  Ίλιον Αττικής,library.af@gmail.com,2132030268,Αγίου Φανουρίου 99 Ίλιον Αττικής 13122,,https://network.nlg.gr/library/dimotiki-vivliothiki-iliou-agiou-fanouriou/,2026-08-21,yes,1,,,,
Δημοτική Βιβλιοθήκη Ιλίου - Κεντρική,public,B,Αττική,Μενελάου  - Ίλιον Αττικής-,ilionbibl@gmail.com,2132030001 2132030002,Μενελάου 63 - Ίλιον Αττικής- 13122,,https://network.nlg.gr/library/dimotiki-vivliothiki-iliou-kentriki/,2026-08-21,yes,1,,,,
Δημοτική Βιβλιοθήκη Καλλιθέας,public,B,Αττική,Andromachis A,vivliothiki@kallithea.gr,2109593518,"Andromachis 86A, Kallithea 176 72, Greece",http://www.kallithea.gr/?page_id=68,https://network.nlg.gr/library/dimotiki-vivliothiki-kallitheas/,2026-08-21,yes,1,,,,
Δημοτική Βιβλιοθήκη Καλυβίων Δήμου Σαρωνικού,public,B,Αττική,Ευαγγελίστριας  (Κεντρική Πλατεία Καλυβίων),libkalivia@yahoo.gr,2299048509,"Ευαγγελίστριας 21 (Κεντρική Πλατεία Καλυβίων), Καλύβια Θορικού Τ.Κ. 19010 Δήμος Σαρωνικού",http://www.kalivialibrary.gr/,https://network.nlg.gr/library/dimotiki-vivliothiki-kalivion-dimou-saronikou/,2026-08-21,yes,1,,,,
Δημοτική Βιβλιοθήκη Κερατσινίου - Δραπετσώνας,public,B,Αττική,Εμμανουήλ Μπενάκη  Κερατσίνι,keratsinilib@gmail.com,"2104312182, 2104003116",Εμμανουήλ Μπενάκη 70 Κερατσίνι 18757,http://keratsinilibrary.blogspot.com,https://network.nlg.gr/library/dimotiki-vivliothiki-keratsiniou-drapetsonas/,2026-08-21,yes,1,,,,shared mailbox — represents 2 libraries in this network; send once
Δημοτική Βιβλιοθήκη Κερατσινίου - Δραπετσώνας Παράρτημα Ευγένειας,public,B,Αττική,Βύρωνος  & Πλατωνος Κερατσίνι,keratsinilib@gmail.com,2104003116,Βύρωνος 79 & Πλατωνος Κερατσίνι 18755,http://keratsinilibrary.blogspot.com,https://network.nlg.gr/library/dimotiki-vivliothiki-keratsiniou-drapetsonas-parastima-evgenias/,2026-08-21,yes,1,,,duplicate-of:53,shares keratsinilib@gmail.com with row 53 — already covered by that send
Δημοτική Βιβλιοθήκη Κορωπίου,public,B,Αττική,Γεωργίου Παπασιδέρη  Κορωπί,info@koropilib.gr,2106626295,"Γεωργίου Παπασιδέρη 13 Κορωπί 19441, Αττική",https://www.koropilib.gr,https://network.nlg.gr/library/dimotiki-vivliothiki-koropiou/,2026-08-21,yes,1,,,,
Δημοτική Βιβλιοθήκη Λαυρίου Δήμου Λαυρεωτικής,public,B,Αττική,Κουντουριώτη,library@lavrio.gr,2292060790,"Κουντουριώτη 1, Τ.Κ. 19500, Λαύριο",,https://network.nlg.gr/library/dimotiki-vivliothiki-lavreotikis/,2026-08-21,yes,1,,,,
Δημοτική Βιβλιοθήκη Λυκόβρυσης - Πεύκης,public,B,Αττική,Αφροδίτης  & Μουστακλή Πεύκη,librdpef@otenet.gr,2106128825,Αφροδίτης 4 & Μουστακλή Πεύκη 15121,,https://network.nlg.gr/library/dimotiki-vivliothiki-dimou-likovrisis-pefkis/,2026-08-21,yes,1,,,,
Δημοτική Βιβλιοθήκη Μαρκοπούλου,public,B,Αττική,Geor. Papavasiliou,vivliothikimarkopoulo@gmail.com,22990 49393,"Geor. Papavasiliou 34, Markopoulo Mesogeas 190 03, Greece",,https://network.nlg.gr/library/dimotiki-vivliothiki-markopoyloy/,2026-08-21,yes,1,,,,
Δημοτική Βιβλιοθήκη Μεγάρων,public,B,Αττική,Κωνσταντίνου Σχινά,vmaria20000@gmail.com,2296320313,"Κωνσταντίνου Σχινά 2, Μέγαρα 191 00",,https://network.nlg.gr/library/dimotiki-vivliothiki-megaron/,2026-08-21,yes,1,,,excluded:personal-mailbox,"address is a named individual, not an institutional mailbox — do not send; re-source a generic library address"
"Δημοτική Βιβλιοθήκη Μοσχάτου ""Μιχάλης Κατσαρός""",public,B,Αττική,Πίνδου  Μοσχάτο -,lib_moschatou@yahoo.gr,2109414314,Πίνδου 36 Μοσχάτο 183-44,,https://network.nlg.gr/library/dimotiki-vivliothiki-moschatou-tavrou-vivliothiki-moschatou-pnevmatiko-kentro/,2026-08-21,yes,1,,,,
Δημοτική Βιβλιοθήκη Νέας Ιωνίας,public,B,Αττική,Λεωφόρος Ηρακλείου,library@neaionia.gr,2102776470,"Λεωφόρος Ηρακλείου 264, ΤΚ 14231, Περιφέρεια Αττικής",,https://network.nlg.gr/library/dimotiki-vivliothiki-neas-ionias/,2026-08-21,yes,1,,,,
Δημοτική Βιβλιοθήκη Νέας Περάμου Αττικής,public,B,Αττική,Νέα Πέραμος,vivliodhmoti@yahoo.com,"2296035586, 2296320355","Μαργαρίτη Ευαγγελίδη και Χρήστου Συρράκου, Νέα Πέραμος 190 06, Ελλάδα",,https://network.nlg.gr/library/dimotiki-vivliothiki-neas-peramou-attikis/,2026-08-21,yes,1,,,,
Δημοτική Βιβλιοθήκη Νέας Σμύρνης,public,B,Αττική,Αϊδινίου,nslibrary@yahoo.com,21 3202 5961,"Αϊδινίου 28, Νέα Σμύρνη, 17124",,https://network.nlg.gr/library/dimotiki-vivliothiki-neas-smyrnis/,2026-08-21,yes,1,,,,
Δημοτική Βιβλιοθήκη Νέας Φιλαδέλφειας - Νέας Χαλκηδόνας,public,B,Αττική,Λεωφ. Θεσσαλονίκης  (Πρώην ο ΓΕΛ Νέας Φιλαδέλφειας «Μίλτος Κουντουράς»)   Νέα Φιλαδέλφεια,library@dimosfx.gr,210 2582466,Λεωφ. Θεσσαλονίκης 40 (Πρώην 3ο ΓΕΛ Νέας Φιλαδέλφειας «Μίλτος Κουντουράς») 143 42 Νέα Φιλαδέλφεια,,https://network.nlg.gr/library/dimotiki-vivliothiki-neas-filadelfeias-neas-chalkidonas/,2026-08-21,yes,1,,,,
Δημοτική Βιβλιοθήκη Νίκαιας,public,B,Αττική,Αρκαδίου  Νίκαια Αττικής,nikaialib@yahoo.gr,2104936680,Αρκαδίου 23 Νίκαια Αττικής 184 53,https://nikaiarentislib.wixsite.com/nikaia,https://network.nlg.gr/library/vivliothiki-nikeas/,2026-08-21,yes,1,,,,
Δημοτική Βιβλιοθήκη Παλαιού Φαλήρου,public,B,Αττική,Αγίου Αλεξάνδρου,vivliothiki.dpf@palaiofaliro.gr,2109846668,"Αγίου Αλεξάνδρου 5, Τ.Κ. 17561, Παλαιό Φάληρο, Αττική",https://kidslibpfaliro.openabekt.gr/,https://network.nlg.gr/library/dimotiki-vivliothiki-paleou-falirou/,2026-08-21,yes,1,,,,
Δημοτική Βιβλιοθήκη Πειραιά,public,B,Αττική,Ελ. Βενιζέλου  και Κολοκοτρώνη Πειραιάς- T.K.,library@piraeus.gov.gr,"2144090103, 2144090100",Ελ. Βενιζέλου 22 και Κολοκοτρώνη Πειραιάς- T.K. 18531,https://piraeus.gov.gr/dhmotikh-vivliothikh/,https://network.nlg.gr/library/dimotiki-vivliothiki-pirea/,2026-08-21,yes,1,,,,
Δημοτική Βιβλιοθήκη Περάματος,public,B,Αττική,Καραολή Δημητρίου & Θράκης  Πέραμα,peramalibrary@outlook.com.gr,210-4022688,Καραολή Δημητρίου & Θράκης 25 Πέραμα 18863,,https://network.nlg.gr/library/dimotiki-vivliothiki-peramatos/,2026-08-21,yes,1,,,,
Δημοτική Βιβλιοθήκη Περιστερίου,public,B,Αττική,Σκρα  & Αδριανουπόλεως Περιστέρι Τ.Κ.,info@dvivlper.gr,"2105716057, 210 5716069",Σκρα 62 & Αδριανουπόλεως Περιστέρι Τ.Κ. 12134,http://www.dvivlper.gr/,https://network.nlg.gr/library/dimotiki-vivliothiki-peristeriou/,2026-08-21,yes,1,,,,
Δημοτική Βιβλιοθήκη Πνευματικού Κέντρου Δήμου Ασπροπύργου,public,B,Αττική,Αλέκου Παναγούλη  Ασπρόπυργος,library@0102.syzefxis.gov.gr,2105577191,Αλέκου Παναγούλη 13 Ασπρόπυργος 19300,,https://network.nlg.gr/library/dimotiki-vivliothiki-pnevmatikou-kentrou-dimou-aspropirgou/,2026-08-21,yes,1,,,,
Δημοτική Βιβλιοθήκη Σαλαμίνας,public,B,Αττική,Λ. Καραμανλή  Σαλαμίνα,library@salamina.gov.gr,2132027316,Λ. Καραμανλή 1 Σαλαμίνα 18900,http://www.salamina.gr/Default.aspx?tabid=255&language=el-GR,https://network.nlg.gr/library/dimotiki-vivliothiki-salaminas/,2026-08-21,yes,1,,,,
"Δημοτική Βιβλιοθήκη Ταύρου "" Κωστής Παλαμάς """,public,B,Αττική,Αγ. Σοφίας  Ταύρος,tayrobib@otenet.gr,2103417939,Αγ. Σοφίας 16 Ταύρος 17778,,https://network.nlg.gr/library/dimotiki-vivliothiki-moschatou-tavrou-vivliothiki-tavrou/,2026-08-21,yes,1,,,,
Δημοτική Βιβλιοθήκη Τμήμα Ιστορίας και Αρχαιολογίας Δήμου Αχαρνών,public,B,Αττική,Φιλαδέλφειας  και Κεφαλληνίας,libraryacharnes@gmail.com,2102322878,"Φιλαδέλφειας 217 και Κεφαλληνίας 1 , Αχαρναί, 136 71",https://arxaiologikoacharnes.wordpress.com/,https://network.nlg.gr/library/vivliothiki-tmimatos-archeologias-ke-istorikis-erevnas/,2026-08-21,yes,1,,,,
Δημοτική Βιβλιοθήκη Φιλοθέης-Ψυχικού,public,B,Αττική,Στρατηγού Καλλάρη  Ψυχικό,vivliothiki@philothei-psychiko.gov.gr,2106724307,Στρατηγού Καλλάρη 13 Ψυχικό 154 52,,https://network.nlg.gr/library/dimotiki-vivliothiki-filotheis-psichikou/,2026-08-21,yes,1,,,,
Δημοτική Βιβλιοθήκη Χαϊδαρίου,public,B,Αττική,Στρατ. Καραϊσκάκη και Παύλου Μελά (έναντι αριθμού ),haidarilibrary@gmail.com,2105821574,Στρατ. Καραϊσκάκη και Παύλου Μελά (έναντι αριθμού 9),,https://network.nlg.gr/library/dimotiki-vivliothiki-chaidariou/,2026-08-21,yes,1,,,,
Δημοτική Παιδική Βιβλιοθήκη Αθήνας,community,B,Αττική,Δομοκού,vivlio.paidiki@opanda.gr,210 8810884,"Δομοκού 2, Αθήνα 104 40, Ελλάδα",https://www.opanda.gr,https://network.nlg.gr/library/paidiki-vivliothiki-o-p-n-dimoy-athinaion-stathmoy-larisis/,2026-08-21,yes,1,,,,
Εθνική Βιβλιοθήκη της Ελλάδος,public,B,Αττική,Λεωφ. Ανδρέα Συγγρού,nlg@nlg.gr,2130 999 700,"Λεωφ. Ανδρέα Συγγρού 364, Καλλιθέα 176 74",,https://network.nlg.gr/library/ethniki-vivliothiki-tis-ellados/,2026-08-21,yes,1,,,,
Καποδιστριακή Δημόσια Βιβλιοθήκη Αίγινας,public,B,Αττική,Κυβερνείου,vivlaigi@sch.gr,"22970 22626, 22970 29033","Κυβερνείου 6, Αίγινα 18010",https://aeginalibrary.gr/site/,https://network.nlg.gr/library/dimosia-vivliothiki-aiginas/,2026-08-21,yes,1,,,,
Κεντρική Δημοτική Βιβλιοθήκη Οργανισμού Πολιτισμού Αθλητισμού και Νεολαίας Δήμου Αθηναίων (Ο.Π.Α.Ν.Δ.Α.),public,B,Αττική,Δομοκού  Αθήνα  (Σταθμός Λαρίσης),publibrath@yahoo.gr,2108236635 210 88.46.011,Δομοκού 2 Αθήνα 10440 (Σταθμός Λαρίσης),http://www.opanda.gr/?page_id=1299,https://network.nlg.gr/library/kentriki-dimotiki-vivliothiki-organismou-politismou-athlitismou-ke-neoleas-dimou-athineon-o-p-a-n-d-a/,2026-08-21,yes,1,,,,
Οργανισμός Άθλησης και Πολιτισμού Δήμου Κορυδαλλού - Βιβλιοθήκη,public,B,Αττική,Κορυδαλλός,library@korydallos.gr,2104965784,"Γρ. Λαμπράκη και Καρυταίνης, Κορυδαλλός 181 20",,https://network.nlg.gr/library/organismos-%ce%84athlisis-ke-politismou-dimou-koridallou-vivliothiki/,2026-08-21,yes,1,,,,
"Παιδική Βιβλιοθήκη ""Μίμης Βασιλόπουλος"" Δήμου Χαλανδρίου",public,B,Αττική,Αβέρωφ και Σόλωνος Χαλάνδρι,mvaslib@otenet.gr,2106801654,"Παλαιολόγου, Αβέρωφ και Σόλωνος Χαλάνδρι 152 32",http://vivliothikihalandriou.blogspot.gr,https://network.nlg.gr/library/pediki-vivliothiki-mimis-vasilopoulos-dimou-chalandriou/,2026-08-21,yes,1,,,,
Παιδική Δανειστική Βιβλιοθήκη του Δικτύου για τα Δικαιώματα του Παιδιού,community,B,Αττική,Αλκαμένους β,diktio@ddp.gr,2108846590,"Αλκαμένους 11β, Σταθμός Λαρίσης, Αθήνα 104 39, Ελλάδα",http://www.ddp.gr,https://network.nlg.gr/library/pediki-danistiki-vivliothiki-tou-diktiou-gia-ta-dikeomata-tou-pediou/,2026-08-21,yes,1,,,,
Παιδική-Εφηβική Βιβλιοθήκη Δήμου Αθηναίων,public,B,Αττική,Αμπελόκηποι Αθήνα,paidikilibrary@gmail.com,2106929736,"Λάμψα & Τριφυλίας, Αμπελόκηποι Αθήνα 11524",http://www.opanda.gr/?page_id=7923,https://network.nlg.gr/library/pediki-efiviki-opan-dimou-athineon/,2026-08-21,yes,1,,,,
"Δημοτική Βιβλιοθήκη Μυτιλήνης ""Ευγενία Κλειδαρά""",public,B,Βόρειο Αιγαίο,Κιόσκι Μυτιλήνη,dimotikivivliothikimitilinis@gmail.com,22510 45434,"Δοϊράνης & Γιαννιτσών, Κιόσκι Μυτιλήνη 811 00",,https://network.nlg.gr/library/dimotiki-vivliothiki-mytilinis-quot-eygenia-kleidara-quot/,2026-08-21,yes,1,,,,
"Δημοτική Βιβλιοθήκη Πλωμαρίου ""Ευγενία Κλειδαρά""",public,B,Βόρειο Αιγαίο,Πλωμάρι Λέσβου Τ.Κ.,plomari.library@gmail.com,"22520 31410, 6972010104",Πλωμάρι Λέσβου Τ.Κ. 81200,,https://network.nlg.gr/library/dimotiki-vivliothiki-plomarioy-quot-eygenia-kleidara-quot/,2026-08-21,yes,1,,,,
"Δημόσια Κεντρική Ιστορική Βιβλιοθήκη Χίου ""Κοραής""",public,B,Βόρειο Αιγαίο,Κοραή,info@koraeslibrary.gr,2271044246,"Κοραή 2, Χίος",,https://network.nlg.gr/library/dimosia-kentriki-istoriki-vivliothiki-chiou-korais/,2026-08-21,yes,1,,,,
Βάλβειος Δημοτική Βιβλιοθήκη,public,B,Δυτική Ελλάδα,Καψάλη,balbeioslibrary@gmail.com,2631056903,"Καψάλη 18, Mesolongi 302 00, (Βυρώνειο Κτίριο-Πλώσταινα), Ελλάδα",,https://network.nlg.gr/library/valvios-dimotiki-vivliothiki/,2026-08-21,yes,1,,,,
"Δημοτική Βιβλιοθήκη Αιγίου ""Γεώργιος Παναγόπουλος""",public,B,Δυτική Ελλάδα,Βασιλέως Κωσταντίνου  Αίγιο,bpan@aigialeia.gov.gr,2691023959,Βασιλέως Κωσταντίνου 76 Αίγιο 25100,,https://network.nlg.gr/library/dimotiki-vivliothiki-egiou-georgios-panagopoulos/,2026-08-21,yes,1,,,,
Δημοτική Βιβλιοθήκη Ακράτας-Πολιτιστικού Συλλόγου Αναγέννησης,public,B,Δυτική Ελλάδα,Πλατεία Ελευθερίας Ακράτα Αιγιάλειας,vakratas@aigialeia.gov.gr,2696360300,Πλατεία Ελευθερίας Ακράτα Αιγιάλειας 25006,,https://network.nlg.gr/library/dimotiki-vivliothiki-akratas-politistikou-sillogou-anagennisis/,2026-08-21,yes,1,,,,
"Δημοτική Βιβλιοθήκη Αμφιλοχίας ""Π. Κόκκαλη""",public,B,Δυτική Ελλάδα,πίσω από τον Ιερό Nαό Αγίας Παρασκευής,dibiblioamfil@1257.syzefxis.gov.gr,"26420 23427, 26423 60330","Θεοδώρου Χαβίνη, πίσω από τον Ιερό Nαό Αγίας Παρασκευής, Αμφιλοχία Αιτωλοακαρνανίας, Τ.Κ. 30500",,https://network.nlg.gr/library/dimotiki-vivliothiki-amfilochias/,2026-08-21,yes,1,,,,
Δημοτική Βιβλιοθήκη Γαστούνης Δήμου Πηνειού,public,B,Δυτική Ελλάδα,Γεωργίου Σισίνη Γαστούνη,librarygastouni@gmail.com,2623360760,Γεωργίου Σισίνη Γαστούνη 27300,,https://network.nlg.gr/library/dimotiki-vivliothiki-gastounis-dimou-piniou/,2026-08-21,yes,1,,,,
Δημοτική Βιβλιοθήκη Λεχαινών,public,B,Δυτική Ελλάδα,Πολυτεχνείου,liblexenon@gmail.com,2623023110,"Πολυτεχνείου 12, Λεχαινά Ηλείας, 27053",https://ofbl.gr/,https://network.nlg.gr/library/dimotiki-vivliothiki-lechainon/,2026-08-21,yes,1,,,,
Δημοτική Βιβλιοθήκη Πατρών,public,B,Δυτική Ελλάδα,Μαιζώνος,library@patras.gr,2610277751,"Μαιζώνος 110, Πάτρα 262 21, Ελλάδα",http://patraslibrary.weebly.com,https://network.nlg.gr/library/dimotiki-vivliothiki-patron/,2026-08-21,yes,1,,,,
Δημόσια Ιστορική Βιβλιοθήκη Ανδρίτσαινας,public,B,Δυτική Ελλάδα,Ανδρίτσαινα Ηλεία,mail@vivl-andrits.ilei.sch.gr,2626022242,Ανδρίτσαινα Ηλεία 27061,http://www.andritsainalibrary.gr,https://network.nlg.gr/library/dimosia-istoriki-vivliothiki-andritsenas/,2026-08-21,yes,1,,,,
Δημόσια Κεντρική Βιβλιοθήκη Πύργου,public,B,Δυτική Ελλάδα,Γερμανού και Μυρτίλου Πύργος,mail@vivl-pyrgou.ilei.sch.gr,2621022762,Γερμανού και Μυρτίλου Πύργος 27131,http://vivliothiki-pirgou.gr/,https://network.nlg.gr/library/dimosia-kentriki-vivliothiki-pirgou/,2026-08-21,yes,1,,,,
Παπαστράτειος Δημοτική Βιβλιοθήκη Αγρινίου,public,B,Δυτική Ελλάδα,Αγρίνιο,vivliothiki@agrinio.gr,26410 22393,"Τέρμα Παπαστράτου και Βάρναλη, Αγρίνιο 30131",http://papastrateioslibrary.blogspot.gr/,https://network.nlg.gr/library/papastratios-dimotiki-vivliothiki-agriniou/,2026-08-21,yes,1,,,,
Παπαχαραλάμπειος Δημόσια Κεντρική Βιβλιοθήκη Ναυπάκτου,public,B,Δυτική Ελλάδα,Κοζώνη  Ναύπακτος,pvivlnafpaktos@gmail.com,2634027388,Κοζώνη 7 Ναύπακτος 30300,http://vivl-nafpakt.ait.sch.gr,https://network.nlg.gr/library/papacharalampios-dimosia-kentriki-vivliothiki-nafpaktou/,2026-08-21,yes,1,,,,
Δημοτική Βιβλιοθήκη Καστοριάς,public,B,Δυτική Μακεδονία,Καραβαγγέλη  Καστοριά,bibliothiki@kastoria.gov.gr,2467028195,Καραβαγγέλη 23 Καστοριά 52100,,https://network.nlg.gr/library/dimotiki-vivliothiki-kastorias-athanasios-christopoulos/,2026-08-21,yes,1,,,,
Δημοτική Βιβλιοθήκη Πρεσπών,public,B,Δυτική Μακεδονία,Λαιμός Πρεσπών  Φλώρινα,prespa.library@gmail.com,2385052015,Λαιμός Πρεσπών 53150 Φλώρινα,http://www.prespes.gr/prespa/,https://network.nlg.gr/library/dimotiki-vivliothiki-prespon/,2026-08-21,yes,1,,,,
Δημοτική Βιβλιοθήκη Πτολεμαΐδας,public,B,Δυτική Μακεδονία,Διαδόχου Παύλου  Πτολεμαΐδα,ptolib@otenet.gr,2463021154,Διαδόχου Παύλου 20 Πτολεμαΐδα 50200,,https://network.nlg.gr/library/dimotiki-vivliothiki-ptolema%ce%90das/,2026-08-21,yes,1,,,,
Δημοτική Παιδική και Εφηβική Βιβλιοθήκη Βελβεντού,community,B,Δυτική Μακεδονία,Κοζάνη,pevvelventou@gmail.com,24640 32563,"Βελβεντού, Κοζάνη 501 00, Ελλάδα",,https://network.nlg.gr/library/dimotiki-pediki-ke-efiviki-vivliothiki-velventou/,2026-08-21,yes,1,,,,
Δημόσια Κεντρική Βιβλιοθήκη Γρεβενών,public,B,Δυτική Μακεδονία,ης Οκτωβρίου  Γρεβενά,grevlibr@otenet.gr,2462023056,13ης Οκτωβρίου 27 Γρεβενά 51100,http://grevlibr.gr/,https://network.nlg.gr/library/dimosia-kentriki-vivliothiki-grevenon/,2026-08-21,yes,1,,,,
"Δημόσια Κεντρική Βιβλιοθήκη Φλώρινας ""Βασιλική Πιτόσκα""",public,B,Δυτική Μακεδονία,Αργυροκάστρου,biblflor@otenet.gr,2385023118,"Αργυροκάστρου 9, Φλώρινα 53100",https://libflorina.wordpress.com,https://network.nlg.gr/library/dimosia-kentriki-vivliothiki-florinas-vasiliki-pitoska/,2026-08-21,yes,1,,,,
"Δημόσια Κεντρική Ιστορική Βιβλιοθήκη Σιάτιστας ""Μανούσεια""",public,B,Δυτική Μακεδονία,Πλατεία Τσιστοπούλου  Σιάτιστα,vivlsiatista@sch.gr,2465021261,Πλατεία Τσιστοπούλου 3 Σιάτιστα 50300,http://www.siatistabibl.gr/,https://network.nlg.gr/library/dimosia-kentriki-istoriki-vivliothiki-siatistas-manousia/,2026-08-21,yes,1,,,,
Κοβεντάρειος Δημοτική Βιβλιοθήκη Κοζάνης,public,B,Δυτική Μακεδονία,Κωνσταντίνου Δαβάκη,protocollodpang@cityofkozani.gov.gr,24610 49319,"Κωνσταντίνου Δαβάκη 9, 50132, Κοζάνη, ΔΥΤΙΚΗ ΜΑΚΕΔΟΝΙΑ",http://www.kozlib.gr/kozlib_new/,https://network.nlg.gr/library/koventarios-dimotiki-vivliothiki-kozanis/,2026-08-21,yes,1,,,excluded:general-inbox,"general/protocol inbox of the parent body, not the library — do not send; re-source from the library itself"
Βιβλιοθήκη Νέας Αγχιάλου Μαγνησίας,public,B,Θεσσαλία,Kasneti,library.nanchialos@gmail.com,24280 78181,"Kasneti 86, Nea Agchialos 374 00, Greece",https://doepap.gr/building/vivliothiki-neas-agchialou/,https://network.nlg.gr/library/vivliothiki-neas-agchialoy-magnisias/,2026-08-21,yes,1,,,,
Βιβλιοθήκη Νέας Ιωνίας Βόλου,public,B,Θεσσαλία,Nea Ionia,library.nionia@gmail.com,24210 91077,"Anapafseos & Karampatzaki, Nea Ionia 384 46, Greece",https://doepap.gr/building/vivliothiki-neas-ionias/,https://network.nlg.gr/library/vivliothiki-neas-ionias-voloy/,2026-08-21,yes,1,,,,
Βιβλιοθήκη Πνευματικού Κέντρο Δήμου Καρδίτσας,public,B,Θεσσαλία,Αρτεσιανού,karditsalibrary@yahoo.gr,2441350898,"Αρτεσιανού 1, Καρδίτσα 431 00",,https://network.nlg.gr/library/vivliothiki-pnevmatikou-kentro-d-karditsas/,2026-08-21,yes,1,,,,
Δημοτική Βιβλιοθήκη Αμπελακίων,public,B,Θεσσαλία,Αμπελάκια Λάρισα,rapsanilibrary@yahoo.gr,2495061259,Αμπελάκια Λάρισα 40006,,https://network.nlg.gr/library/dimotiki-vivliothiki-ampelakion/,2026-08-21,yes,1,,,,shared mailbox — represents 3 libraries in this network; send once
Δημοτική Βιβλιοθήκη Αμπελώνα,public,B,Θεσσαλία,ης Μαρτίου και Γρηγορίου Λαμπράκη Αμπελώνας,libampelona@tirnavos.gr,"2492033317, 2492305006",25ης Μαρτίου και Γρηγορίου Λαμπράκη Αμπελώνας 40400,http://librariestirnavos.gr,https://network.nlg.gr/library/dimotiki-vivliothiki-ampelona/,2026-08-21,yes,1,,,,
Δημοτική Βιβλιοθήκη Ελασσόνας,public,B,Θεσσαλία,Δημάρχου Χρ. Βλαχοδήμου,bibliothiki@dimoselassonas.gr,2493029532,"Δημάρχου Χρ. Βλαχοδήμου 1, 40200",https://library.dimoselassonas.gr/,https://network.nlg.gr/library/dimotiki-vivliothiki-elassonas/,2026-08-21,yes,1,,,,
Δημοτική Βιβλιοθήκη Λάρισας,public,B,Θεσσαλία,Ρούσβελτ,edimovivlio@larissa.gov.gr,"2410671173, 2410618753","Ρούσβελτ 59, Λάρισα 412 22, Ελλάδα",,https://network.nlg.gr/library/dimotiki-vivliothiki-larisas/,2026-08-21,yes,1,,,,
Δημοτική Βιβλιοθήκη Νίκαιας Κιλελέρ,public,B,Θεσσαλία,Εθνάρχου Μακαρίου  Νίκαια Κιλελέρ,biblio@kileler.gov.gr,2410922633,Εθνάρχου Μακαρίου 3 Νίκαια Κιλελέρ 41005,http://libkileler.gr/,https://network.nlg.gr/library/dimotiki-vivliothiki-nikeas/,2026-08-21,yes,1,,,,
Δημοτική Βιβλιοθήκη Ραψάνης Δήμου Τεμπών,public,B,Θεσσαλία,Ραψάνη Λάρισα,rapsanilibrary@yahoo.gr,2495061259,Ραψάνη Λάρισα 40007,http://libraryrapsani.blogspot.gr,https://network.nlg.gr/library/dimotiki-vivliothiki-rapsanis-d-tempon/,2026-08-21,yes,1,,,duplicate-of:109,shares rapsanilibrary@yahoo.gr with row 109 — already covered by that send
Δημοτική Βιβλιοθήκη Σοφάδων,public,B,Θεσσαλία,Σοφάδες,sofaditisa@yahoo.gr,2443353305,"Αγίου Γεωργίου και Πλαστήρα, Σοφάδες 433 00, Ελλάδα",https://sofades.gr/vivliothikh/,https://network.nlg.gr/library/dimotiki-vivliothiki-sofadon/,2026-08-21,yes,1,,,,
Δημοτική Βιβλιοθήκη Συκουρίου,public,B,Θεσσαλία,Μακρυγιάννη,rapsanilibrary@yahoo.gr,2495061259,"Μακρυγιάννη 10, Συκούριο 400 06, Ν. Λάρισας, Ελλάδα",,https://network.nlg.gr/library/dimotiki-vivliothiki-sikouriou/,2026-08-21,yes,1,,,duplicate-of:109,shares rapsanilibrary@yahoo.gr with row 109 — already covered by that send
Δημοτική Βιβλιοθήκη Τρικάλων,public,B,Θεσσαλία,Γαριβάλδη  (κτίριο Πνευματικού Κέντρου του Δήμου Τρικκαίων) Τρίκαλα,library@trikalacity.gr,"2431353563, -564, -565",Γαριβάλδη 8 (κτίριο Πνευματικού Κέντρου του Δήμου Τρικκαίων) Τρίκαλα 42131,https://librarytrikala.wordpress.com/,https://network.nlg.gr/library/dimotiki-vivliothiki-trikalon/,2026-08-21,yes,1,,,,
Δημοτική Βιβλιοθήκη Τυρνάβου,public,B,Θεσσαλία,Τύρναβος,libtirnavou@tirnavos.gr,2492305008,"Τύρναβος 401 00, Ελλάδα, Παλαίο Δημαρχείο, Εθνικής Αντίστασης Πλατεία Μανδηλαρά 1",http://librariestirnavos.gr,https://network.nlg.gr/library/dimotiki-vivliothiki-tirnavou/,2026-08-21,yes,1,,,,
Δημόσια Βιβλιοθήκη Μηλεών «Ψυχής Άκος»,public,B,Θεσσαλία,Μηλιές Πηλίου,mail@vivl-mileon.mag.sch.gr,2423086260,"ΤΚ 370 10, Μηλιές Πηλίου",http://vivl-mileon.mag.sch.gr/,http://vivl-mileon.mag.sch.gr/comunicate.html,2026-08-21,yes,1,,,,
Δημόσια Βιβλιοθήκη Μουζακίου,public,B,Θεσσαλία,Μουζάκι Καρδίτσας Μουζάκι,vivliomo@otenet.gr,2445041152,Μουζάκι Καρδίτσας Μουζάκι 43060,http://vivl-mouzak.kar.sch.gr,https://network.nlg.gr/library/dimosia-vivliothiki-mouzakiou/,2026-08-21,yes,1,,,,
Δημόσια Ιστορική Βιβλιοθήκη Ζαγοράς,public,B,Θεσσαλία,Μαγνησία,mail@vivl-zagor.mag.sch.gr,2426022591,"Πλατεία Αγ. Γεωργίου Ζαγορά, Μαγνησία, Τ.Κ. 370 01, ΘΕΣΣΑΛΙΑ",http://www.library-zagora.gr/,https://network.nlg.gr/library/dimosia-istoriki-vivliothiki-zagoras/,2026-08-21,yes,1,,,,
Δημόσια Κεντρική Βιβλιοθήκη Λάρισας «Κωνσταντίνος Κούμας»,public,B,Θεσσαλία,ης Οκτωβρίου  Λάρισα,dkblkk@otenet.gr,2410531973,28ης Οκτωβρίου 9 Λάρισα 41223,http://vivl-laris.lar.sch.gr/,https://network.nlg.gr/library/dimosia-kentriki-vivliothiki-larisas-konstantinos-koumas/,2026-08-21,yes,1,,,,
Κεντρική Βιβλιοθήκη Δήμου Βόλου,public,B,Θεσσαλία,Mikrasiaton,voloslibrary@volos-city.gr,"2421039644, 2421021664","Mikrasiaton 81, Volos 383 33, Greece",http://www.diki.gr/,https://network.nlg.gr/library/kentriki-vivliothiki-dimoy-voloy/,2026-08-21,yes,1,,,,
Κοινοτική - Λαϊκή Βιβλιοθήκη Καλλιθήρου,public,B,Θεσσαλία,Καλλίθηρο,seklizalib@gmail.com,,"Καλλίθηρο 431 00, Ελλάδα",http://hub.futurelibrary.gr/network/KoinotikheVivliothhekeKallithheroy,https://network.nlg.gr/library/kinotiki-laiki-vivliothiki-kallithirou/,2026-08-21,yes,1,,,,
"Παιδική Βιβλιοθήκη ""Στέκι Παιδιού"" του ΔΗΜΟΥ ΒΟΛΟΥ",public,B,Θεσσαλία,Περραιβού  και Πολυμέρη T.K.,library@stekipaidiou.gr,2421031456,"Περραιβού 11 και Πολυμέρη T.K. 38221, Βόλος",http://stekipaidiou.blogspot.gr,https://network.nlg.gr/library/pediki-vivliothiki-steki-pediou/,2026-08-21,yes,1,,,,
Παιδική Βιβλιοθήκη Δημοτικού Διαμερίσματος “Αρτεσιανού” Δήμου Καρδίτσας,community,B,Θεσσαλία,Αρτεσιανό,paidikesbibliothikes@yahoo.gr,2441071346,"Αρτεσιανό 431 00, Ελλάδα",,https://network.nlg.gr/library/pediki-vivliothiki-dimotikou-diamerismatos-artesianou-d-o-p-a-karditsas/,2026-08-21,yes,1,,,,shared mailbox — represents 11 libraries in this network; send once
Παιδική Βιβλιοθήκη Δημοτικού Διαμερίσματος “Καρδιτσομαγούλας” Δήμου Καρδίτσας,community,B,Θεσσαλία,Καρδιτσομάγουλα Καρδίτσας,paidikesbibliothikes@yahoo.gr,2441071346,Καρδιτσομάγουλα Καρδίτσας 43100,,https://network.nlg.gr/library/pediki-vivliothiki-dimotikou-diamerismatos-karditsomagoulas-d-o-p-a-karditsas/,2026-08-21,yes,1,,,duplicate-of:126,shares paidikesbibliothikes@yahoo.gr with row 126 — already covered by that send
Παιδική Βιβλιοθήκη Δημοτικού Διαμερίσματος “Παλαιοκκλησίου” Δήμου Καρδίτσας,community,B,Θεσσαλία,Παλαιοκκλήσι Καρδίτσας,paidikesbibliothikes@yahoo.gr,2441071346,Παλαιοκκλήσι Καρδίτσας 43100,,https://network.nlg.gr/library/pediki-vivliothiki-dimotikou-diamerismatos-paleokklisiou-d-o-p-a-karditsas/,2026-08-21,yes,1,,,duplicate-of:126,shares paidikesbibliothikes@yahoo.gr with row 126 — already covered by that send
Παιδική Βιβλιοθήκη ΚΔΑΠ Νεάπολης Δήμου Βόλου,public,B,Θεσσαλία,Νεαπόλεως,libneapolis@volos-city.gr,2421064336,"Νεαπόλεως 76, Νεάπολη Βόλου, Τ.Κ. 38334, Περιφέρεια Θεσσαλίας",http://www.kdap.gr,https://network.nlg.gr/library/pediki-vivliothiki-kdap-neapolis/,2026-08-21,yes,1,,,,
Παιδική Βιβλιοθήκη συνοικίας “Αγίας Παρασκευής” Δήμου Καρδίτσας,community,B,Θεσσαλία,Δραγατσανίου και Ευζώνων Καρδίτσα,paidikesbibliothikes@yahoo.gr,2441071346,Δραγατσανίου και Ευζώνων Καρδίτσα 43100,,https://network.nlg.gr/library/pediki-vivliothiki-sinikias-agias-paraskevis-d-o-p-a-karditsas/,2026-08-21,yes,1,,,duplicate-of:126,shares paidikesbibliothikes@yahoo.gr with row 126 — already covered by that send
Παιδική Βιβλιοθήκη συνοικίας “Αγίου Γεωργίου” Δήμου Καρδίτσας,community,B,Θεσσαλία,Καρδίτσα,paidikesbibliothikes@yahoo.gr,2441071346,"Σαμαρόπουλου, Καρδίτσα 431 00, Ελλάδα",http://www.dimoskarditsas.gov.gr/,https://network.nlg.gr/library/pediki-vivliothiki-synikias-agiou-georgiou-d-o-p-karditsas/,2026-08-21,yes,1,,,duplicate-of:126,shares paidikesbibliothikes@yahoo.gr with row 126 — already covered by that send
Παιδική Βιβλιοθήκη συνοικίας “Αγίου Νικολάου” Δήμου Καρδίτσας,community,B,Θεσσαλία,Παναγίας Πελεκητής Καρδίτσα,paidikesbibliothikes@yahoo.gr,2441071346,Παναγίας Πελεκητής Καρδίτσα 43100,,https://network.nlg.gr/library/pediki-vivliothiki-sinikias-agiou-nikolaou-d-o-p-a-karditsas/,2026-08-21,yes,1,,,duplicate-of:126,shares paidikesbibliothikes@yahoo.gr with row 126 — already covered by that send
Παιδική Βιβλιοθήκη συνοικίας “Αγίου Φανουρίου” Δήμου Καρδίτσας,community,B,Θεσσαλία,Σκιάθου  Εργατικά Αγίου Φανουρίου Καρδίτσα,paidikesbibliothikes@yahoo.gr,2441071346,Σκιάθου 3 Εργατικά Αγίου Φανουρίου Καρδίτσα 43100,,https://network.nlg.gr/library/pediki-vivliothiki-sinikias-agiou-fanouriou-d-o-p-a-karditsas/,2026-08-21,yes,1,,,duplicate-of:126,shares paidikesbibliothikes@yahoo.gr with row 126 — already covered by that send
Παιδική Βιβλιοθήκη συνοικίας “Λάκας Μαντζάρα” Δήμου Καρδίτσας,community,B,Θεσσαλία,Λαχανά και Ιθάκης Καρδίτσα,paidikesbibliothikes@yahoo.gr,2441071346,Λαχανά και Ιθάκης Καρδίτσα 43100,,https://network.nlg.gr/library/pediki-vivliothiki-sinikias-lakas-mantzara-d-o-p-a-karditsas/,2026-08-21,yes,1,,,duplicate-of:126,shares paidikesbibliothikes@yahoo.gr with row 126 — already covered by that send
Παιδική Βιβλιοθήκη συνοικίας “Σεισμόπληκτα Καμινάδων” Δήμου Καρδίτσας,public,B,Θεσσαλία,Αισώπου  Καρδίτσα,paidikesbibliothikes@yahoo.gr,2441071346,Αισώπου 1 Καρδίτσα 43100,http://www.dimoskarditsas.gov.gr/?page_id=7611,https://network.nlg.gr/library/pediki-vivliothiki-sinikias-sismoplikta-kaminadon/,2026-08-21,yes,1,,,duplicate-of:126,shares paidikesbibliothikes@yahoo.gr with row 126 — already covered by that send
Παιδική Βιβλιοθήκη “Αγγελική Βαρελλά” Δήμου Καρδίτσας,community,B,Θεσσαλία,Κώστα Βέλη  Καρδίτσα,paidikesbibliothikes@yahoo.gr,2441071346,Κώστα Βέλη 18 Καρδίτσα 43100,http://www.dimoskarditsas.gov.gr/?page_id=7611,https://network.nlg.gr/library/pediki-vivliothiki-angeliki-varella/,2026-08-21,yes,1,,,duplicate-of:126,shares paidikesbibliothikes@yahoo.gr with row 126 — already covered by that send
Παιδική Βιβλιοθήκη “Παυσιλύπου” Δήμου Καρδίτσας,community,B,Θεσσαλία,Καρδίτσα,paidikesbibliothikes@yahoo.gr,2441071346,"Γαρδικίου & Λάμπρου Σακελλαρίου, Καρδίτσα 43100",,https://network.nlg.gr/library/pediki-vivliothiki-pafsilipou-d-o-p-a-karditsas/,2026-08-21,yes,1,,,duplicate-of:126,shares paidikesbibliothikes@yahoo.gr with row 126 — already covered by that send
Δημόσια Βιβλιοθήκη Λευκάδας,public,B,Ιόνια Νησιά,Πάνου Ροντογιάννη,vivllefk@sch.gr,26450 22502,"Πάνου Ροντογιάννη 11, Lefkada 311 00, Greece",https://www.lefkaslibrary.gr/,https://network.nlg.gr/library/dimosia-vivliothiki-leykadas/,2026-08-21,yes,1,,,,
Δημόσια Ιστορική Βιβλιοθήκη Ζακύνθου,public,B,Ιόνια Νησιά,Πλατεία Δ.Σολωμού  Ζάκυνθος,mail@vivl-zakynth.zak.sch.gr,26950-48128,Πλατεία Δ.Σολωμού 4 Ζάκυνθος 29100,http://vivl-zakynth.zak.sch.gr/,https://network.nlg.gr/library/dimosia-istoriki-vivliothiki-zakynthou/,2026-08-21,yes,1,,,,
Δημόσια Κεντρική Βιβλιοθήκη Ληξουρίου,public,B,Ιόνια Νησιά,Πάροδος Αβλίχου Ληξούρι Κεφαλονιάς T.K.,mail@vivl-lixour.kef.sch.gr,2671091325,Πάροδος Αβλίχου Ληξούρι Κεφαλονιάς T.K. 28200,,https://network.nlg.gr/library/dimosia-kentriki-vivliothiki-lixouriou/,2026-08-21,yes,1,,,,
Δημόσια Κεντρική Ιστορική Βιβλιοθήκη Κερκύρας,public,B,Ιόνια Νησιά,Αγγλικοί Στρατώνες Παλαιό Φρούριο Κέρκυρα,plicorfu@gmail.com,2661038583,Αγγλικοί Στρατώνες Παλαιό Φρούριο Κέρκυρα 49100,http://www.corfulibrary.gr/el/,https://network.nlg.gr/library/dimosia-kentriki-istoriki-vivliothiki-kerkiras/,2026-08-21,yes,1,,,,
Κοργιαλένειος Βιβλιοθήκη Αργοστολίου,public,B,Ιόνια Νησιά,Ηλία Ζερβού,vivlarg@sch.gr,26710 22583,"Ηλία Ζερβού 12, Αργοστόλι, 28100",,https://network.nlg.gr/library/korgialenios-vivliothiki-argostoliou/,2026-08-21,yes,1,,,,
Ξενοπούλειος Παιδική Βιβλιοθήκη,public,B,Ιόνια Νησιά,Γαήτα,filoixenopouliou@gmail.com,2695045078,"Γαήτα 5 , Ζάκυνθος 29100",http://xenopouleios-bibliothiki.blogspot.gr/,https://network.nlg.gr/library/xenopoulios-vivliothiki/,2026-08-21,yes,1,,,,
"""Αριστοτέλειος"" Δημοτική Βιβλιοθήκη Δήμου Αμπελοκήπων-Μενεμένης",public,B,Κεντρική Μακεδονία,Αμπελόκηποι,amp.library@ampelokipi-menemeni.gr,"2310 578105, 2313 303643, 2310 729422","Μ. Αλεξάνδρου & Φιλιππουπόλεως, 56123, Αμπελόκηποι, Θεσσαλονίκη",https://library.ampelokipi-menemeni.gr/,https://network.nlg.gr/library/quot-aristoteleios-quot-vivliothiki-dimoy-ampelokipon-menemenis/,2026-08-21,yes,1,,,,
"Βιβλιοθήκη ""Ιούλιος Βερν""",public,B,Κεντρική Μακεδονία,Λεωφ. Καλλιθέας,library@grdiscovery.com,2313251820,"Λεωφ. Καλλιθέας 84, Αμπελόκηποι, Θεσσαλονίκη, 561 23, Ελλάδα",https://grdiscovery.com/library/,https://network.nlg.gr/library/vivliothiki-quot-ioylios-vern-quot/,2026-08-21,yes,1,,,,
Βιβλιοθήκη Αιγινίου,public,B,Κεντρική Μακεδονία,Γεωρ. Αβέρωφ,vivliothiki.p.k@gmail.com,2353023156,"Γεωρ. Αβέρωφ 10, Αιγίνιο 603 00, Ελλάδα",,https://network.nlg.gr/library/vivliothiki-eginiou/,2026-08-21,yes,1,,,,shared mailbox — represents 2 libraries in this network; send once
Βιβλιοθήκη Δημοτικής Κοινότητας Μενεμένης,public,B,Κεντρική Μακεδονία,Ναυάρχου Βότση,,2313306643,"Ναυάρχου Βότση 15, Τ.Κ. 56122 Μενεμένη",,https://network.nlg.gr/library/vivliothiki-dimotikis-koinotitas-menemenis/,2026-08-21,yes,1,,,,χωρίς δημοσιευμένο email
Βιβλιοθήκη Κολινδρού,public,B,Κεντρική Μακεδονία,Παυσίλυπου  Κόλινδρος,vivliothiki.p.k@gmail.com,2353350213,Παυσίλυπου 9 Κόλινδρος 60061,,https://network.nlg.gr/library/vivliothiki-kolindrou/,2026-08-21,yes,1,,,duplicate-of:146,shares vivliothiki.p.k@gmail.com with row 146 — already covered by that send
Δαήδειος Παιδική Βιβλιοθήκη Δήμου Καλαμαριάς,community,B,Κεντρική Μακεδονία,Ελλησπόντου  Καλαμαριά Θεσσαλονίκης,daideios.lib@gmail.com,2310480916,Ελλησπόντου 15 Καλαμαριά Θεσσαλονίκης 55132,https://www.kalamaria.gr/lib/,https://network.nlg.gr/library/daidios-pediki-vivliothiki/,2026-08-21,yes,1,,,,
Δανιηλίδειος Παιδική Βιβλιοθήκη Δήμου Καλαμαριάς,community,B,Κεντρική Μακεδονία,Αιμ.Γρεβενών-Καρολίδου,danihlideiosl@gmail.com,2310456658,"Αιμ.Γρεβενών-Καρολίδου 14, ΤΚ 55132, Θεσσαλονίκη",https://www.kalamaria.gr/lib,https://network.nlg.gr/library/daniilidios-pediki-vivliothiki/,2026-08-21,yes,1,,,,
"Δημοτική Βιβλιοθήκη ""Θ. Ζωγιοπούλου"" ΚΕΠΑ Δήμου Βέροιας",public,B,Κεντρική Μακεδονία,Θεανούς Ζωγιοπούλου  Βέροια,detopoka@otenet.gr,2331024879,Θεανούς Ζωγιοπούλου 5 Βέροια 59132,https://libraryveria.blogspot.com/,https://network.nlg.gr/library/dimotiki-vivliothiki-th-zogiopoulou-kepa-dimou-verias/,2026-08-21,yes,1,,,,
Δημοτική Βιβλιοθήκη Αλεξάνδρειας,public,B,Κεντρική Μακεδονία,Αλεξάνδρεια,alexandreialibrary@gmail.com,2333026806,"Δημάρχου Βετσόπουλου Δ. και Αριστοτέλους, Αλεξάνδρεια 59300",,https://network.nlg.gr/library/dimotiki-vivliothiki-alexandrias/,2026-08-21,yes,1,,,,
Δημοτική Βιβλιοθήκη Βασιλικών,public,B,Κεντρική Μακεδονία,Βασιλικά Θέρμη,bibliothermi@gmail.com,2396022225,Βασιλικά Θέρμη 57006,http://bibliothermi.blogspot.gr/,https://network.nlg.gr/library/dimotiki-vivliothiki-vasilikon/,2026-08-21,yes,1,,,,shared mailbox — represents 5 libraries in this network; send once
Δημοτική Βιβλιοθήκη Διαβατών,public,B,Κεντρική Μακεδονία,Ελ. Βενιζέλου,antoniahatzdiavata@gmail.com,2310781854,"Ελ. Βενιζέλου 5, Διαβατά Θεσσαλονίκης, 57008",,https://network.nlg.gr/library/dimotiki-vivliothiki-davaton/,2026-08-21,yes,1,,,excluded:personal-mailbox,"address is a named individual, not an institutional mailbox — do not send; re-source a generic library address"
Δημοτική Βιβλιοθήκη Ελευθερίου Κορδελιού,public,B,Κεντρική Μακεδονία,Γερ. Καραβαγγέλη,librarykordelio@gmail.com,2310700482,"Γερ. Καραβαγγέλη 12, Κορδελιό, 56334",https://kordeliolib.openabekt.gr/,https://network.nlg.gr/library/dimotiki-vivliothiki-eleftheriou-kordeliou/,2026-08-21,yes,1,,,,
Δημοτική Βιβλιοθήκη Ευκαρπίας,public,B,Κεντρική Μακεδονία,Εθνικής Αντιστάσεως,bibliothiki@pavlosmelas.gr,2313502154,"Εθνικής Αντιστάσεως 24, Ευκαρπία, 56429, Κεντρικής Μακεδονίας",http://www.pavlosmelas.gr,https://network.nlg.gr/library/dimotiki-vivliothiki-efkarpias/,2026-08-21,yes,1,,,,shared mailbox — represents 3 libraries in this network; send once
Δημοτική Βιβλιοθήκη Ευόσμου,public,B,Κεντρική Μακεδονία,Meg. Alexandrou,library@kordelio-evosmos.gr,2310 762400,"Meg. Alexandrou 57, Evosmos 562 24, Greece",http://dimotikivivliothikievosmou.blogspot.com/,https://network.nlg.gr/library/dimotiki-vivliothiki-eyosmoy/,2026-08-21,yes,1,,,,
Δημοτική Βιβλιοθήκη Θέρμης,public,B,Κεντρική Μακεδονία,Δημητρίου & Καραολή - Καπετάν Χάψα Θέρμη,bibliothermi@thermi.gov.gr,2310463423 (εσωτ: 106),Δημητρίου & Καραολή - Καπετάν Χάψα Θέρμη 57001,http://bibliothermi.blogspot.gr/,https://network.nlg.gr/library/dimotiki-vivliothiki-thermis/,2026-08-21,yes,1,,,,
Δημοτική Βιβλιοθήκη Κ.Π. Νέας Ραιδεστού,public,B,Κεντρική Μακεδονία,Θέρμη,bibliothermi@gmail.com,2310465607,"Νέα Ραιδεστός, Θέρμη, 57001",http://bibliothermi.blogspot.gr/,https://network.nlg.gr/library/dimotiki-vivliothiki-k-p-n-redestou/,2026-08-21,yes,1,,,duplicate-of:153,shares bibliothermi@gmail.com with row 153 — already covered by that send
Δημοτική Βιβλιοθήκη Κ.Π. Νέου Ρυσίου,public,B,Κεντρική Μακεδονία,Θέρμη,bibliothermi@gmail.com,2392071373,"Νέο Ρύσιο, Θέρμη, 57001",http://bibliothermi.blogspot.gr/,https://network.nlg.gr/library/dimotiki-vivliothiki-k-p-n-risiou/,2026-08-21,yes,1,,,duplicate-of:153,shares bibliothermi@gmail.com with row 153 — already covered by that send
Δημοτική Βιβλιοθήκη Κ.Π. Τριλόφου,public,B,Κεντρική Μακεδονία,Trilofo,bibliothermi@gmail.com,2392064360,"Trilofo 575 00, Greece",http://bibliothermi.blogspot.com/,https://network.nlg.gr/library/dimotiki-vivliothiki-k-p-trilofoy-d-thermis/,2026-08-21,yes,1,,,duplicate-of:153,shares bibliothermi@gmail.com with row 153 — already covered by that send
Δημοτική Βιβλιοθήκη Καλοχωρίου Αντιδημαρχίας Πολιτισμού Δήμου Δέλτα,public,B,Κεντρική Μακεδονία,ης Οκτωβρίου,biblkalohori@gmail.com,2310 755483,"28ης Οκτωβρίου 25, Καλοχώρι 570 09, Ελλάδα",,https://network.nlg.gr/library/dimotiki-vivliothiki-kalochorioy-antidemarchias-politismou-demou-delta/,2026-08-21,yes,1,,,,
Δημοτική Βιβλιοθήκη Κατερίνης - Katerini Public Library,public,B,Κεντρική Μακεδονία,ης Μεραρχίας  Κατερίνη,dlibrarykaterini@hotmail.com,"2351024594, 2351504037",7ης Μεραρχίας 3 Κατερίνη 60100,,https://network.nlg.gr/library/dimotiki-vivliothiki-katerinis/,2026-08-21,yes,1,,,,
Δημοτική Βιβλιοθήκη Κορινού,public,B,Κεντρική Μακεδονία,Γ. Τασιάκου  Κορινός Πιερίας,dlibrarykorinou@gmail.com,"2351042473, 2351350919",Γ. Τασιάκου 2 Κορινός Πιερίας 60062,,https://network.nlg.gr/library/dimotiki-vivliothiki-korinou/,2026-08-21,yes,1,,,,
Δημοτική Βιβλιοθήκη Κρύας Βρύσης,public,B,Κεντρική Μακεδονία,Ελευθερίου Βενιζέλου  Κρύα Βρύση,biblio_krya_vrysh@hotmail.com,2382062485,Ελευθερίου Βενιζέλου 72 Κρύα Βρύση 58300,,https://network.nlg.gr/library/dimotiki-vivliothiki-kryas-vrysis/,2026-08-21,yes,1,,,,
Δημοτική Βιβλιοθήκη Λαγκαδά,public,B,Κεντρική Μακεδονία,Ματαπά,library@lagadas.gr,"2394020840, 23940 24186","Ματαπά 3, Λαγκαδάς 572 00, Ελλάδα",,https://network.nlg.gr/library/dimotiki-vivliothiki-lagkada/,2026-08-21,yes,1,,,,
Δημοτική Βιβλιοθήκη Λεπτοκαρυάς Εμμανουήλ Κριαράς,public,B,Κεντρική Μακεδονία,Vasilissis Olgas,librarykriaras@gmail.com,,"Vasilissis Olgas 3, Leptokarya 600 63, Greece",,https://network.nlg.gr/library/dimotiki-vivliothiki-leptokaryas-emmanoyil-kriaras/,2026-08-21,yes,1,,,,
Δημοτική Βιβλιοθήκη Λιτοχώρου,public,B,Κεντρική Μακεδονία,Αγίου Νικολάου  Λιτόχωρο,library@dion-olympos.gr,2352350127,Αγίου Νικολάου 15 Λιτόχωρο 60200,,https://network.nlg.gr/library/dimotiki-vivliothiki-litochorou/,2026-08-21,yes,1,,,,
Δημοτική Βιβλιοθήκη Νάουσας Ημαθίας,public,B,Κεντρική Μακεδονία,Αφών Λαναρά και Πεχλιβάνου  Νάουσα,library@naoussa.gr,2332350025,Αφών Λαναρά και Πεχλιβάνου 1 Νάουσα 59200,,https://network.nlg.gr/library/dimotiki-vivliothiki-naousas-imathias/,2026-08-21,yes,1,,,,
Δημοτική Βιβλιοθήκη Νεάπολης,public,B,Κεντρική Μακεδονία,Αμασείας -,dimvivlioneapolis@gmail.com,2310635060,"Αμασείας 19-21, Νεάπολη 567 28, Θεσσαλονίκη, Ελλάδα",http://www.dimosneapolis-sykeon.gr,https://network.nlg.gr/library/dimotiki-vivliothiki-neapolis/,2026-08-21,yes,1,,,,
Δημοτική Βιβλιοθήκη Νεάπολης-Συκεών,public,B,Κεντρική Μακεδονία,Νεάπολη,vivliothiki.neapoli@n3.syzefxis.gov.gr,,,https://www.dimosneapolis-sykeon.gr/,https://www.dimosneapolis-sykeon.gr/,2026-08-21,yes,1,,,,βρέθηκε με σάρωση δήμων· επαληθεύτηκε στη σελίδα του δήμου
"Δημοτική Βιβλιοθήκη Πολίχνης ""Θεόκλητος Καρυπίδης""",public,B,Κεντρική Μακεδονία,Ίμβρου  Πολίχνη Θεσσαλονίκη,bibliothiki@pavlosmelas.gr,2310640244,Ίμβρου 2 Πολίχνη Θεσσαλονίκη 56533,http://www.pavlosmelas.gr/,https://network.nlg.gr/library/dimotiki-vivliothiki-polichnis-theoklitos-karipidis-2/,2026-08-21,yes,1,,,duplicate-of:156,shares bibliothiki@pavlosmelas.gr with row 156 — already covered by that send
Δημοτική Βιβλιοθήκη Πολυκάστρου Παιονίας,public,B,Κεντρική Μακεδονία,Παλαιολόγου  Πολύκαστρο  Περιφέρεια Κεντρικής Μακεδονίας,libpolikastro@gmail.com,2343024166,Παλαιολόγου 3 Πολύκαστρο 61200 Περιφέρεια Κεντρικής Μακεδονίας,,https://network.nlg.gr/library/dimotiki-vivliothiki-polikastrou-dimou-peonias/,2026-08-21,yes,1,,,,
Δημοτική Βιβλιοθήκη Σιδηροκάστρου Σιντικής,public,B,Κεντρική Μακεδονία,Alexidou,sidirlibrary@gmail.com,2323025766,"Alexidou 1, Sidirokastro 623 00, Greece",,https://network.nlg.gr/library/dimotiki-vivliothiki-sidirokastroy-sintikis/,2026-08-21,yes,1,,,,
Δημοτική Βιβλιοθήκη Σκύδρας,public,B,Κεντρική Μακεδονία,Σκύδρα,librarysk@skydra.gov.gr,,,https://www.skydra.gr/,https://www.skydra.gr/,2026-08-21,yes,1,,,,βρέθηκε με σάρωση δήμων· επαληθεύτηκε στη σελίδα του δήμου
Δημοτική Βιβλιοθήκη Σταυρούπολης,public,B,Κεντρική Μακεδονία,Λεωφόρος Μίκη Θεοδωράκη (πρώην Λαγκαδά),bibliothiki@pavlosmelas.gr,2313302836,"Λεωφόρος Μίκη Θεοδωράκη (πρώην Λαγκαδά) 221, Σταυρούπολη, 56430, Κεντρική Μακεδονία",http://www.pavlosmelas.gr,https://network.nlg.gr/library/dimotiki-vivliothiki-stavroupolis/,2026-08-21,yes,1,,,duplicate-of:156,shares bibliothiki@pavlosmelas.gr with row 156 — already covered by that send
Δημοτική Βιβλιοθήκη Συκεών–Παιδική Βιβλιοθήκη «Αντώνης Σαμαράκης»,public,B,Κεντρική Μακεδονία,Οδυσσέως και Αποστόλου Φωκά,librsykies@gmail.com,2310217376,"Οδυσσέως και Αποστόλου Φωκά 46, Συκιές 566 26, Ελλάδα",http://www.dimosneapolis-sykeon.gr,https://network.nlg.gr/library/dimotiki-vivliothiki-sykeon-paidiki-vivliothiki-quot-antonis-samarakis-quot/,2026-08-21,yes,1,,,,
Δημοτική Βιβλιοθήκη Ταγαράδων,public,B,Κεντρική Μακεδονία,Γράμμου Βίτσι,bibliothermi@gmail.com,2392072165,"Γράμμου Βίτσι 10, Ταγαράδες 570 01",http://bibliothermi.blogspot.gr/,https://network.nlg.gr/library/dimotiki-vivliothiki-tagaradon/,2026-08-21,yes,1,,,duplicate-of:153,shares bibliothermi@gmail.com with row 153 — already covered by that send
Δημοτική Βιβλιοθήκη Ωραιοκάστρου,public,B,Κεντρική Μακεδονία,Βασ. Γεωργίου  και Τραπεζούντος,library@oraiokastro.gr,2313304067,"Βασ. Γεωργίου 23 και Τραπεζούντος, Ωραιόκαστρο 570 13, Ελλάδα",,https://network.nlg.gr/library/dimotiki-vivliothiki-oreokastrou/,2026-08-21,yes,1,,,,
Δημόσια Κεντρική Βιβλιοθήκη Έδεσσας,public,B,Κεντρική Μακεδονία,Λεωφ. Φιλίππου  -,mail@vivl-edess.pel.sch.gr,2381305163,"Λεωφ. Φιλίππου 32 - 34, Έδεσσα 582 00, Ελλάδα",http://www.edessalibrary.gr/,https://network.nlg.gr/library/dimosia-kentriki-vivliothiki-edessas/,2026-08-21,yes,1,,,,
Δημόσια Κεντρική Βιβλιοθήκη Βέροιας,public,B,Κεντρική Μακεδονία,Έλλης  Βέροια,info@libver.gr,2331024494,"Έλλης 8 Βέροια 59132, Ημαθία",http://www.libver.gr/,https://network.nlg.gr/library/dimosia-kentriki-vivliothiki-verias/,2026-08-21,yes,1,,,,
Δημόσια Κεντρική Βιβλιοθήκη Κιλκίς,public,B,Κεντρική Μακεδονία,Κιλκίς,vivlkilk@sch.gr,2341076338,"Ελευθερίου Βενιζέλου Δημοτικός Κήπος, Κιλκίς 611 00, Ελλάδα",http://vivl-kilkis.kil.sch.gr,https://network.nlg.gr/library/dimosia-kentriki-vivliothiki-kilkis/,2026-08-21,yes,1,,,,
Δημόσια Κεντρική Βιβλιοθήκη Σερρών,public,B,Κεντρική Μακεδονία,Νικολάου  Σέρρες,serrelib@serrelib.gr,2321098550,Νικολάου 20 Σέρρες 621 24,,https://network.nlg.gr/library/dimosia-kentriki-vivliothiki-serron/,2026-08-21,yes,1,,,,
Κεντρική Δημοτική Βιβλιοθήκη Θεσσαλονίκης,public,B,Κεντρική Μακεδονία,Εθνικής Αμύνης  Θεσσαλονίκη,library@thessaloniki.gr,2313318570,Εθνικής Αμύνης 27 Θεσσαλονίκη 546 21,http://www.thessaloniki.gr/portal/page/portal/DioikitikesYpiresies/GenDnsiDioikOikonYpiresion/DnsiVivliothMouseion/TmimaKentrVivliothikis,https://network.nlg.gr/library/kentriki-dimotiki-vivliothiki-thessalonikis/,2026-08-21,yes,1,,,,
Κεντρική Παιδική Βιβλιοθήκη Δήμου Θεσσαλονίκης,community,B,Κεντρική Μακεδονία,Εθ. Αμύνης,centralkidslibrary@thessaloniki.gr,2313318572 και 2313318591,"Εθ. Αμύνης 27, Θεσσαλονίκη 546 21, Ελλάδα",https://thessaloniki.gr/?p=36686,https://network.nlg.gr/library/kentriki-paidiki-vivliothiki-dimoy-thessalonikis/,2026-08-21,yes,1,,,,
Παιδική Βιβλιοθήκη Άνω Πόλης,public,B,Κεντρική Μακεδονία,Κρίσπου  στην Πλατεία Ρομφέη,p.vivlio.anopolis@thessaloniki.gr,2310200537,"Κρίσπου 7 στην Πλατεία Ρομφέη, Θεσσαλονίκη, 54634",https://thessaloniki.gr/locations/βιβλιοθήκη-άνω-πόλης/,https://network.nlg.gr/library/pediki-vivliothiki-ano-polis/,2026-08-21,yes,1,,,,
Παιδική Βιβλιοθήκη Δήμου Καλαμαριάς,community,B,Κεντρική Μακεδονία,Ανδρέα Παπανδρέου  Θεσσαλονίκη,paidikil@gmail.com,2313314413,Ανδρέα Παπανδρέου 35 Θεσσαλονίκη 55132,,https://network.nlg.gr/library/pediki-vivliothiki-dimou-kalamarias/,2026-08-21,yes,1,,,,
Παιδική Βιβλιοθήκη Δελφών - Δημοτική Βιβλιοθήκη Θεσσαλονίκης,public,B,Κεντρική Μακεδονία,Δελφών  και Ορεστιάδος  Θεσσαλονίκη,p.vivlio.delfon@thessaloniki.gr,2310324090,Δελφών 208 και Ορεστιάδος 3 Θεσσαλονίκη 54248,http://www.thessaloniki.gr/portal/page/portal/DioikitikesYpiresies/GenDnsiDioikOikonYpiresion/DnsiVivliothMouseion/TmimaPerifVivliothikon/%D0erifereiakesVivliothikes/Delfwn,https://network.nlg.gr/library/pediki-vivliothiki-delfon-dimotiki-vivliothiki-thessalonikis/,2026-08-21,yes,1,,,,
Παιδική Βιβλιοθήκη Καλλιθέας-Δημοτική Βιβλιοθήκη Θεσσαλονίκης,public,B,Κεντρική Μακεδονία,Αρχαιοτήτων  Θεσσαλονίκη,p.vivlio.kalitheas@thessaloniki.gr,2313318238,Αρχαιοτήτων 13 Θεσσαλονίκη 54632,http://www.thessaloniki.gr/portal/page/portal/DioikitikesYpiresies/GenDnsiDioikOikonYpiresion/DnsiVivliothMouseion/TmimaPerifVivliothikon/%D0erifereiakesVivliothikes/Kalitheas,https://network.nlg.gr/library/pediki-vivliothiki-kallitheas/,2026-08-21,yes,1,,,,
Παιδική Βιβλιοθήκη Κηφισιάς Δήμου Καλαμαριάς,community,B,Κεντρική Μακεδονία,Διονυσίου Σολωμού,bibliokifisia@gmail.com,2311253387,"Διονυσίου Σολωμού 10, Καλαμαριά, Θεσσαλονίκη, 55134",https://lib.kalamaria.gr/παιδική-βιβλιοθήκη-κηφισιάς-δήμου-κα/,https://network.nlg.gr/library/pediki-vivliothiki-kifisias/,2026-08-21,yes,1,,,,
Παιδική Βιβλιοθήκη Ξηροκρήνης-Δημοτική Βιβλιοθήκη Θεσσαλονίκης,public,B,Κεντρική Μακεδονία,Γρ.Κολωνιάρη  Θεσσαλονίκη,p.vivlio.xirokrinis@thessaloniki.gr,2310514780,Γρ.Κολωνιάρη 23 Θεσσαλονίκη 546 29,http://www.thessaloniki.gr/,https://network.nlg.gr/library/pediki-vivliothiki-xirokrinis-dimotiki-vivliothiki-thessalonikis/,2026-08-21,yes,1,,,,
Παιδική Βιβλιοθήκη Ορέστου-Δημοτική Βιβλιοθήκη Θεσσαλονίκης,public,B,Κεντρική Μακεδονία,Ορέστου  & Χαλκιδικής Θεσσαλονίκη,p.vivlio.orestou@thessaloniki.gr,2310852384,Ορέστου 33 & Χαλκιδικής Θεσσαλονίκη 54642,http://www.thessaloniki.gr/portal/page/portal/DioikitikesYpiresies/GenDnsiDioikOikonYpiresion/DnsiVivliothMouseion/TmimaPerifVivliothikon,https://network.nlg.gr/library/pediki-vivliothiki-orestou-dimotiki-vivliothiki-thessalonikis/,2026-08-21,yes,1,,,,
Παιδική Βιβλιοθήκη Συνοικισμού Καραμπουρνάκι,community,B,Κεντρική Μακεδονία,Κούσκουρα  Καλαμαριά Θεσσαλονίκη,karablib@gmail.com,"2310421752, 2311256824",Κούσκουρα 32 Καλαμαριά Θεσσαλονίκη 55131,http://www.kalamaria.gr/lib/,https://network.nlg.gr/library/pediki-vivliothiki-sinikismou-karampournaki/,2026-08-21,yes,1,,,,
Παράρτημα Σιδηροδρομικού Σταθμού-Δημοτική Βιβλιοθήκη Θεσσαλονίκης,public,B,Κεντρική Μακεδονία,Μοναστηρίου Β Θεσσαλονίκη,bibliostathmou@yahoo.gr,2313318394,Μοναστηρίου 93Β Θεσσαλονίκη 54627,http://www.thessaloniki.gr/portal/page/portal/DioikitikesYpiresies/GenDnsiDioikOikonYpiresion/DnsiVivliothMouseion,https://network.nlg.gr/library/parartima-sidirodromikou-stathmou-dimotiki-vivliothiki-thessalonikis/,2026-08-21,yes,1,,,,
Περιφερειακή Βιβλιοθήκη 40 Εκκλησιών-Δημοτική Βιβλιοθήκη Θεσσαλονίκης,public,B,Κεντρική Μακεδονία,Γεωργίου Βιζυηνού  Θεσσαλονίκη,vivlio.40ekklision@thessaloniki.gr,2310203443,Γεωργίου Βιζυηνού 57 Θεσσαλονίκη 54636,http://www.thessaloniki.gr/portal/page/portal/DioikitikesYpiresies/GenDnsiDioikOikonYpiresion/DnsiVivliothMouseion/TmimaPerifVivliothikon/%D0erifereiakesVivliothikes/SarantaEkklisiwn,https://network.nlg.gr/library/periferiaki-vivliothiki-40-ekklision-dimotiki-vivliothiki-thessalonikis/,2026-08-21,yes,1,,,,
Περιφερειακή Βιβλιοθήκη Άνω Πόλης,public,B,Κεντρική Μακεδονία,Κρίσπου  στην Πλατεία Ρομφέη,vivlio.anopolis@thessaloniki.gr,2310219329,"Κρίσπου 7 στην Πλατεία Ρομφέη, Θεσσαλονίκη, 54634",http://lib.thessaloniki.gr,https://network.nlg.gr/library/periferiaki-vivliothiki-%ca%bcno-polis/,2026-08-21,yes,1,,,,
Περιφερειακή Βιβλιοθήκη Άνω Τούμπας-Δημοτική Βιβλιοθήκη Θεσσαλονίκης,public,B,Κεντρική Μακεδονία,Γρηγορίου Λαμπράκη  Θεσσαλονίκη,vivliothikia.toumpas@gmail.com,2310950370,Γρηγορίου Λαμπράκη 187 Θεσσαλονίκη 54352,http://www.thessaloniki.gr/portal/page/portal/DioikitikesYpiresies/GenDnsiDioikOikonYpiresion/DnsiVivliothMouseion/TmimaPerifVivliothikon/%D0erifereiakesVivliothikes/AnwToumpa,https://network.nlg.gr/library/periferiaki-vivliothiki-%ca%bcno-toumpas-dimotiki-vivliothiki-thessalonikis/,2026-08-21,yes,1,,,,
Περιφερειακή Βιβλιοθήκη Κάτω Τούμπας-Δημοτική Βιβλιοθήκη Θεσσαλονίκης,public,B,Κεντρική Μακεδονία,Πυλαίας  Θεσσαλονίκη,lib.katotoympa@gmail.com,2310919039,Πυλαίας 59 Θεσσαλονίκη 54454,,https://network.nlg.gr/library/periferiaki-vivliothiki-kato-toumpas-dimotiki-vivliothiki-thessalonikis/,2026-08-21,yes,1,,,,
Περιφερειακή Βιβλιοθήκη Κωνσταντινουπόλεως-Δημοτική Βιβλιοθήκη Θεσσαλονίκης,public,B,Κεντρική Μακεδονία,Κωνσταντινουπόλεως  Θεσσαλονίκη,vivliokon@gmail.com,2310315100,Κωνσταντινουπόλεως 45 Θεσσαλονίκη 54639,http://www.thessaloniki.gr,https://network.nlg.gr/library/periferiaki-vivliothiki-konstantinoupoleos-dimotiki-vivliothiki-thessalonikis/,2026-08-21,yes,1,,,,
Περιφερειακή Βιβλιοθήκη Τριανδρίας-Δημοτική Βιβλιοθήκη Θεσσαλονίκης,public,B,Κεντρική Μακεδονία,Αμοργού  Θεσσαλονίκη,vivlio.triandrias@thessaloniki.gr,2310921660,Αμοργού 29 Θεσσαλονίκη 55337,http://www.thessaloniki.gr/portal/page/portal/DioikitikesYpiresies/GenDnsiDioikOikonYpiresion/DnsiVivliothMouseion,https://network.nlg.gr/library/periferiaki-vivliothiki-triandrias-dimotiki-vivliothiki-thessalonikis/,2026-08-21,yes,1,,,,
Περιφερειακή Βιβλιοθήκη Χαριλάου-Δημοτική Βιβλιοθήκη Θεσσαλονίκης,public,B,Κεντρική Μακεδονία,Νικάνορος  Θεσσαλονίκη,bibxarilaou@hotmail.gr,2310324666,Νικάνορος 3 Θεσσαλονίκη 54250,http://www.thessaloniki.gr/portal/page/portal/DioikitikesYpiresies/GenDnsiDioikOikonYpiresion/DnsiVivliothMouseion/TmimaPerifVivliothikon/%D0erifereiakesVivliothikes/Xarilaou,https://network.nlg.gr/library/periferiaki-vivliothiki-charilaou-dimotiki-vivliothiki-thessalonikis/,2026-08-21,yes,1,,,,
Πρότυπη Σχολική Βιβλιοθήκη Θεσσαλονίκης,public,B,Κεντρική Μακεδονία,Κασσάνδρου - Θεσσαλονίκη,prot.sxol.vivlio@thessaloniki.gr,2310274708,Κασσάνδρου 17-19 Θεσσαλονίκη 54632,http://www.thessaloniki.gr/portal/page/portal/DioikitikesYpiresies/GenDnsiDioikOikonYpiresion/DnsiVivliothMouseion/TmimaPerifVivliothikon/%D0erifereiakesVivliothikes/ProtupiSxolikiBibliothiki,https://network.nlg.gr/library/protipi-scholiki-vivliothiki/,2026-08-21,yes,1,,,,
Βικελαία Δημοτική Βιβλιοθήκη,public,B,Κρήτη,Πλατεία Ελευθερίου Βενιζέλου Ηράκλειο Κρήτης,vikelaia@heraklion.gr,2813409700 2813 409710,Πλατεία Ελευθερίου Βενιζέλου Ηράκλειο Κρήτης 71202,http://www.vikelaia.gr,https://network.nlg.gr/library/vikelea-dimotiki-vivliothiki/,2026-08-21,yes,1,,,,
"Δημοτική Βιβλιοθήκη Δήμου Ιεράπετρας ""Μαρία Λιουδάκη""",public,B,Κρήτη,Κανουπάκη  Ιεράπετρα,marialioudaki@0448.syzefxis.gov.gr,"2842305144, 2842305143",Κανουπάκη 1 Ιεράπετρα 72200,,https://network.nlg.gr/library/vivliothiki-ierapteras-pnevmatkou-kentrou-dimou-ierapetras-ke-morfotikis-stegis-maria-lioudaki/,2026-08-21,yes,1,,,,"verified-institutional: the library itself is named «Μαρία Λιουδάκη» and the mailbox is on syzefxis.gov.gr, the Greek government network"
Δημοτική Βιβλιοθήκη Μαλεβιζίου,public,B,Κρήτη,Γάζι,lib@malevizi.gr,,,https://library.malevizi.gov.gr/,https://library.malevizi.gov.gr/,2026-08-21,yes,1,,,,βρέθηκε με σάρωση δήμων· επαληθεύτηκε στη σελίδα του δήμου
Δημοτική Βιβλιοθήκη Πύργου - Δήμος Αρχανών - Αστερουσίων,public,B,Κρήτη,Πύργος Ηρακλείου Πύργος,pirgosmunicipallibrary@gmail.com,2893023733,Πύργος Ηρακλείου Πύργος 70010,https://pirgosmunicipallibrary.wordpress.com/,https://network.nlg.gr/library/dimotiki-vivliothiki-pyrgou-dimos-archanon-asterousion/,2026-08-21,yes,1,,,,
"Δημοτική Βιβλιοθήκη Σητείας ""Ο Βιτσέντζος Κορνάρος""",public,B,Κρήτη,Κονδυλάκη,dimotikivivliothikisitias@hotmail.com,"28433 05120, fax: 228430 22681","Κονδυλάκη 16, Σητεία 723 00",,https://network.nlg.gr/library/dimotiki-vivliothiki-sitias-o-vitsentzos-kornaros/,2026-08-21,yes,1,,,,
Δημοτική Βιβλιοθήκη Σταλού Χανίων,public,B,Κρήτη,Πάνω Σταλός Χανίων,staloslibrary@chania.gr,"28211 80635, (2821099787)","Πάνω Σταλός Χανίων 73100, Χανιά",http://www.librarychania.gr,https://network.nlg.gr/library/dimotiki-vivliothiki-stalou-dimotiki-vivliothiki-chanion/,2026-08-21,yes,1,,,,
Δημοτική Βιβλιοθήκη Χανίων,public,B,Κρήτη,Υψηλαντών,library@chania.gr,2821341662,"Υψηλαντών 30, Χανιά 73135",http://www.librarychania.gr/,https://network.nlg.gr/library/dimotiki-vivliothiki-chanion/,2026-08-21,yes,1,,,,
Δημόσια Κεντρική Βιβλιοθήκη Ρεθύμνου,public,B,Κρήτη,Στ. Μπίρη,libret@sch.gr,"2831029215, 2831021246","Στ. Μπίρη 6, Τ.Κ. 741 32, Ρέθυμνο, Κρήτη",http://www.libret.mysch.gr/,https://network.nlg.gr/library/dimosia-kentriki-vivliothiki-rethimnou/,2026-08-21,yes,1,,,,
Κέντρο Δημιουργικής Απασχόλησης Παλαιάς Πόλης Χανίων,community,B,Κρήτη,Νικηφόρου Επισκόπου  Χανιά,kdapdimouchanion@gmail.com,2821020112,Νικηφόρου Επισκόπου 31 Χανιά 73131,,https://network.nlg.gr/library/kentro-dimiourgikis-apascholisis-paleas-polis/,2026-08-21,yes,1,,,,
Κέντρο Παιδικής Δημιουργίας Αγίου Ιωάννη Δήμου Χανίων,community,B,Κρήτη,Πολογιώργη,kpd.agioanni@gmail.com,2821059903,"Πολογιώργη 24, Τ.Κ. 731ΟΟ Αγ. Ιωάννης, Χανιά",,https://network.nlg.gr/library/kentro-pedikis-dimiourgias-ag-ioanni-dokipp-dimou-chanion/,2026-08-21,yes,1,,,,
Κέντρο Παιδικής Δημιουργίας Λενταριανών Δήμου Χανίων,community,B,Κρήτη,Γεωργίου Σγουρού -,kpd.ledarianon@gmail.com,28210 50013,"Γεωργίου Σγουρού 21-23, Λενταριανά Χανιά 731 33, Ελλάδα",,https://network.nlg.gr/library/kentro-pedikis-dimiourgias-lentarianon-dokipp-dimou-chanion/,2026-08-21,yes,1,,,,
Κέντρο Παιδικής Δημιουργίας Νέας Χώρας ΔΟΚΟΙΠΠ Δήμου Χανίων,community,B,Κρήτη,Σελίνου,kpdpaxiana16@gmail.com,2821090580,"Σελίνου 76, Χανιά 731 31, Ελλάδα",,https://network.nlg.gr/library/kentro-pedikis-dimiourgias-pachianon-dokipp-dimou-chanion/,2026-08-21,yes,1,,,,
Κουνδούρειος Δημοτική Βιβλιοθήκη Δήμου Αγίου Νικολάου Κρήτης,public,B,Κρήτη,Ρ. Καπετανάκη,koundoureiosdimbib@gmail.com,2841026899,"Ρ. Καπετανάκη 18, Άγιος Νικόλαος 72 100",http://koundourios.elidoc.gr/,https://network.nlg.gr/library/koundourios-dimotiki-vivliothiki-dimou-agiou-nikolaou/,2026-08-21,yes,1,,,,
Λαϊκή Βιβλιοθήκη Παλαιών Ρουμάτων,community,B,Κρήτη,Παλαιά Ρούματα,libroumata@gmail.com,6947942298,"Πλατεία Εθνικής Αντίστασης, Παλαιά Ρούματα, Δήμος Πλατανιά, Χανιά, 73002",https://www.libroumata.gr,https://network.nlg.gr/library/laiki-vivliothiki-palaion-roumaton/,2026-08-21,yes,1,,,,
Παιδική-Εφηβική Βιβλιοθήκη Δημοτικής Ενότητας Σούδας,public,B,Κρήτη,ης Μαρτίου  Σούδα Χανιά,vivlio-paidiki2@chania.gr,2821341221,25ης Μαρτίου 87 Σούδα Χανιά 73200,http://www.librarychania.gr,https://network.nlg.gr/library/pediki-efiviki-vivliothiki-dimotikis-enotitas-soudas/,2026-08-21,yes,1,,,,
Παιδική-Εφηβική Βιβλιοθήκη Δημοτικού Κήπου - Δημοτική Βιβλιοθήκη Χανίων,community,B,Κρήτη,Δημοτικός Κήπος Χανίων Χανιά,vivlio-paidiki1@chania.gr,2821341774,Δημοτικός Κήπος Χανίων Χανιά 73100,http://www.librarychania.gr,https://network.nlg.gr/library/pediki-efiviki-vivliothiki-dimotikou-kipou-dimotiki-vivliothiki-chanion/,2026-08-21,yes,1,,,,
Σακορράφειος Δημοτική Βιβλιοθήκη Καστελλίου,public,B,Κρήτη,Τ.Κ.,sakorrafeios@minoapediadas.gr,2891031824,"Πλατεία Μεϊντάνι, Τ.Κ. 70006, Καστέλλι Δήμου Μινώα Πεδιάδας",,https://network.nlg.gr/library/sakorrafios-dimotiki-vivliothiki-kastelliou/,2026-08-21,yes,1,,,,
Βιβλιοθήκη Διεθνούς Κέντρου Συγγραφέων και Μεταφραστών Ρόδου,public,B,Νότιο Αιγαίο,Αντιπλοιάρχου Λάσκου Α,writerscenterrhodes@gmail.com,2241032510,"Αντιπλοιάρχου Λάσκου 10Α, Ρόδος 851 00, Ελλάδα",http://writerscenter.gr/,https://network.nlg.gr/library/vivliothiki-diethnous-kentrou-syngrafeon-ke-metafraston-rodou/,2026-08-21,yes,1,,,,
Δημοτική Βιβλιοθήκη Ερμούπολης Σύρου,public,B,Νότιο Αιγαίο,Ερμούπολη,biblerm@otenet.gr,,,https://library.syros-ermoupolis.gr/,https://library.syros-ermoupolis.gr/,2026-08-21,yes,1,,,,βρέθηκε με σάρωση δήμων· επαληθεύτηκε στη σελίδα του δήμου
"Δημοτική Βιβλιοθήκη Κάσου ""Νικόλαος Γ. Μαυρής""",public,B,Νότιο Αιγαίο,Greece,kodedhkasou@gmail.com,2245360215,"Kasos, Greece",,https://network.nlg.gr/library/dimotiki-vivliothiki-kasoy-quot-nikolaos-g-mayris-quot/,2026-08-21,yes,1,,,,
Δημοτική Βιβλιοθήκη Λέρου,public,B,Νότιο Αιγαίο,Πλάτανος Λέρος,leroslib@otenet.gr,2247024294,Πλάτανος Λέρος 85400,,https://network.nlg.gr/library/dimotiki-vivliothiki-lerou/,2026-08-21,yes,1,,,,
"Δημοτική Βιβλιοθήκη Λειψών ""Οδυσσέας Ελύτης""",public,B,Νότιο Αιγαίο,Λειψοί,liblipsi@gmail.com,2247041410,Λειψοί 85400,,https://network.nlg.gr/library/dimotiki-vivliothiki-lipson-odisseas-elitis/,2026-08-21,yes,1,,,,
Δημοτική Βιβλιοθήκη Μυκόνου,public,B,Νότιο Αιγαίο,Καμπάνη,biblmyk@otenet.gr,2289022614,"Καμπάνη 2, Μύκονος 846 00, Ελλάδα",https://mykonos.gr/the-island/culture/,https://network.nlg.gr/library/dimotiki-vivliothiki-mykonou/,2026-08-21,yes,1,,,,
"Δημοτική Βιβλιοθήκη Πάρου ""Γιάννης Γκίκας"" - Δημόσιο Κέντρο Πληροφόρησης",public,B,Νότιο Αιγαίο,Σκόπα,vivl-parou@sch.gr,2284028233,"Σκόπα 18, Παροικία Πάρος 84400, Κυκλάδες",http://vivl-parou.kyk.sch.gr,https://network.nlg.gr/library/dimotiki-vivliothiki-parou-giannis-gkikas-dimosio-kentro-pliroforisis-2/,2026-08-21,yes,1,,,,
Δημοτική βιβλιοθήκη Κρεμαστής,public,B,Νότιο Αιγαίο,Λεωφόρος Ελευθερίας,library.kremasti@rhodes.gr,2241098232,"Λεωφόρος Ελευθερίας 37, Κρεμαστή 85104, Ρόδος",,https://network.nlg.gr/library/dimotiki-vivliothiki-kremastis/,2026-08-21,yes,1,,,,
Δημόσια Κεντρική Βιβλιοθήκη Ρόδου,public,B,Νότιο Αιγαίο,Αριστοτέλους,info@rhodeslibrary.gr,22410 24448,"Αριστοτέλους 1, Ρόδος, Τ.Κ. 85131, Νοτίου Αιγαίου, Greece",https://rhodeslibrary.gr/,https://network.nlg.gr/library/dimosia-kentriki-vivliothiki-rodoy/,2026-08-21,yes,1,,,,
Ιωαννίδειος Δημοτική βιβλιοθήκη Αμοργού,public,B,Νότιο Αιγαίο,Τ.Κ.,amorgoslib@gmail.com,+302285072111,"Χώρα Αμοργού, Τ.Κ. 84008",,https://network.nlg.gr/library/ioannideios-dimotiki-vivliothiki-amorgou/,2026-08-21,yes,1,,,,
Δημοτική Βιβλιοθήκη Αγίων Θεοδώρων Κορινθίας,public,B,Πελοπόννησος,Agii Theodori,library@loutraki.gr,27410 60035,"Δημητρίου Στάμου, Agii Theodori 200 03, Greece",,https://network.nlg.gr/library/dimotiki-vivliothiki-agion-theodoron-korinthias/,2026-08-21,yes,1,,,,
Δημοτική Βιβλιοθήκη Δήμου Ξυλοκάστρου Ευρωστίνης,public,B,Πελοπόννησος,Xilokastro,info@xylokastro.gov.gr,2743360203,"Ioannou & Geor. Krinakou, Xilokastro 204 00, Greece",https://library.xylokastro-evrostini.gov.gr/,https://network.nlg.gr/library/dimotiki-vivliothiki-dimoy-xylokastroy-eyrostinis/,2026-08-21,yes,1,,,excluded:general-inbox,"general/protocol inbox of the parent body, not the library — do not send; re-source from the library itself"
"Δημοτική Βιβλιοθήκη Ερμιόνης ""Απόστολος Γκάτσος''",public,B,Πελοπόννησος,Τ.Κ.,vivlioth.ermionis_apostgkatsos@yahoo.com,2754032416,"Ερμιόνη Αργολίδας, Τ.Κ. 21051",,https://network.nlg.gr/library/dimotiki-vivliothiki-ermionis-apostolos-gkatsos/,2026-08-21,yes,1,,,,
Δημοτική Βιβλιοθήκη Κορίνθου,public,B,Πελοπόννησος,Πυλαρινού  Κόρινθος,dimbibkor@gmail.com,2741028048 27410 21236,"Πυλαρινού 84 Κόρινθος, T.K. 20100, ΠΕΡΙΦΕΡΕΙΑΚΗ ΕΝΟΤΗΤΑ ΚΟΡΙΝΘΙΑΣ",http://libkor.gr/,https://network.nlg.gr/library/dimotiki-vivliothiki-korinthou/,2026-08-21,yes,1,,,,
Δημοτική Βιβλιοθήκη Λεβιδίου Αρκαδίας,public,B,Πελοπόννησος,Λεβίδι Αρκαδίας,levidilibrary@gmail.com,2796022489,Λεβίδι Αρκαδίας 22002,,https://network.nlg.gr/library/dimotiki-vivliothiki-levidiou-arkadias/,2026-08-21,yes,1,,,,
Δημοτική Βιβλιοθήκη Μεσσήνης,public,B,Πελοπόννησος,Παπαφλέσσα  Μεσσήνη,library@messini.gr,27220-22231,Παπαφλέσσα 3 Μεσσήνη 24200,,https://network.nlg.gr/library/dimotiki-vivliothiki-messinis/,2026-08-21,yes,1,,,,
Δημοτική Βιβλιοθήκη Σικυωνίων,public,B,Πελοπόννησος,Καλογεροπούλου,mikoni.library@gmail.com,2742022573,"Καλογεροπούλου 4, Κιάτο, 20200, ΠΕΡΙΦΕΡΕΙΑ ΠΕΛΟΠΟΝΝΗΣΟΥ",,https://network.nlg.gr/library/dimotiki-vivliothiki-sikyonion/,2026-08-21,yes,1,,,,
Δημόσια Βιβλιοθήκη Αρεόπολης,public,B,Πελοπόννησος,Τ.Κ.-ΑΡΕΟΠΟΛΗ ΛΑΚΩΝΙΑΣ,mail@vivl-areop.lak.sch.gr,2733051320,"ΠΛΑΤΕΙΑ ΑΘΑΝΑΤΩΝ,Τ.Κ.23062-ΑΡΕΟΠΟΛΗ ΛΑΚΩΝΙΑΣ",,https://network.nlg.gr/library/dimosia-vivliothiki-areopolis/,2026-08-21,yes,1,,,,
Δημόσια Βιβλιοθήκη Βυτίνας,public,B,Πελοπόννησος,Τ.Κ.,vivlvyt@sch.gr,2795022017,"Βυτίνα Αρκαδίας, Τ.Κ. 22010",http://www.infolibraries.gr/vitina,https://network.nlg.gr/library/vivliothiki-vitinas/,2026-08-21,yes,1,,,,
Δημόσια Ιστορική Βιβλιοθήκη Δημητσάνας,public,B,Πελοπόννησος,Δημητσάνα,vivldimi@sch.gr,2795031219,"ΤΚ 220 07, Δημητσάνα",https://vivliothiki-dimitsanas.gr/,https://vivliothiki-dimitsanas.gr/,2026-08-21,yes,1,,,,
Δημόσια Κεντρική Βιβλιοθήκη Καλαμάτας,public,B,Πελοπόννησος,Αριστομένους  Καλαμάτα,mail@vivlkkal.mes.sch.gr,2721096818,Αριστομένους 33 Καλαμάτα 24133,http://vivlkkal.mes.sch.gr/,https://network.nlg.gr/library/dimosia-kentriki-vivliothiki-kalamatas/,2026-08-21,yes,1,,,,
"Δημόσια Κεντρική Βιβλιοθήκη Ναυπλίου ""Ο Παλαμήδης""",public,B,Πελοπόννησος,Κωλέττη,nafplibr@otenet.gr,2752027256,"Κωλέττη 3, Ναύπλιο 211 00, Ελλάδα",,https://network.nlg.gr/library/dimosia-kentriki-vivliothiki-nafpliou/,2026-08-21,yes,1,,,,
Δημόσια Κεντρική Βιβλιοθήκη Σπάρτης,public,B,Πελοπόννησος,Λεωφόρος Λυκούργου,biblspar@sch.gr,"2731026853, 2731021180","Λεωφόρος Λυκούργου 135, Σπάρτη, 231 00",http://www.nikiforos.edu.gr,https://network.nlg.gr/library/dimosia-kentriki-vivliothiki-spartis/,2026-08-21,yes,1,,,,
Δημόσια Κεντρική Βιβλιοθήκη Τρίπολης,public,B,Πελοπόννησος,Τρίπολη,mail@vivl-tripol.ark.sch.gr,2710224238,"ΕΠΙΣΚΟΠΟΥ ΑΝΘΙΜΟΥ ΚΑΙ ΟΘΩΝΑ ΤΣΑΜΠΛΑΚΟΥ, Τρίπολη 22132",http://www.vivltri.gr/,https://network.nlg.gr/library/dimosia-kentriki-vivliothiki-tripolis/,2026-08-21,yes,1,,,,
Δημόσια Ρουμάνειος Βιβλιοθήκη Μολάων,public,B,Πελοπόννησος,Αγίας Παρασκευής,vivlmol@sch.gr,2732023080,"Αγίας Παρασκευής 6, Μολάοι 230 52",,https://network.nlg.gr/library/dimosia-vivliothiki-molaon-roumanios/,2026-08-21,yes,1,,,,
Καψάλειος Δημοτική Βιβλιοθήκη Γυθείου,public,B,Πελοπόννησος,Βασιλέως Γεωργίου Β και Αρχαίου Θεάρτου Γύθειο,bibliothiki@1315.syzefxis.gov.gr,2733021747,Βασιλέως Γεωργίου Β και Αρχαίου Θεάρτου Γύθειο 23200,,https://network.nlg.gr/library/kapsalios-dimotiki-vivliothiki-githiou/,2026-08-21,yes,1,,,,
Παιδική - Νεανική Βιβλιοθήκη Δήμου Άργους Μυκηνών,public,B,Πελοπόννησος,Άργος,argosbibliokids@gmail.com,27510 69484,"Πάρκο του Μπόνη, Άργος 212 00, Ελλάδα",,https://network.nlg.gr/library/paidiki-neaniki-vivliothiki-dimoy-argoys-mykinon/,2026-08-21,yes,1,,,,
Παιδική και Εφηβική Βιβλιοθήκη Δήμου Ευρώτα,public,B,Πελοπόννησος,Greece,info@eurota.gr,2735360036,"Βλαχιώτη Λακωνίας, 230 51, Greece",,https://network.nlg.gr/library/paidiki-kai-efiviki-vivliothiki-vlachioti/,2026-08-21,yes,1,,,excluded:general-inbox,"general/protocol inbox of the parent body, not the library — do not send; re-source from the library itself"
Αιάντειος Δημόσια Βιβλιοθήκη Αταλάντης,public,B,Στερεά Ελλάδα,Πλατεία Δημαρχείου,atalanti.library@gmail.com,2233080016,"Πλατεία Δημαρχείου 1, 352 00, Αταλάντη Ελλάδα",http://vivl-atalant.fth.sch.gr/,https://network.nlg.gr/library/eantios-dimosia-vivliothiki-atalantis/,2026-08-21,yes,1,,,,
Βιβλιοθήκη Αλλοτροπίας,public,B,Στερεά Ελλάδα,ΤΚ 32003,allotropia@yahoo.gr,"2267042698, 6977261015","Αντίκυρα Βοιωτίας, ΤΚ 32003, Ελλάδα",http://allotropiaacademy.blogspot.gr/,https://network.nlg.gr/library/vivliothiki-allotropias/,2026-08-21,yes,1,,,,
Βιβλιοθήκη Γιώργου Γάτου – Ανεξάρτητο Παράρτημα Δημοτικής Βιβλιοθήκης Άμφισσας,public,B,Στερεά Ελλάδα,Stallou,library_gatou@delphi.gov.gr,22650 79094,"Stallou 6, Amfissa 331 00, Greece",https://librarygatou.openabekt.gr/el/discover?sort=title&dir=asc%20(%CE%95%CE%9A%CE%A4),https://network.nlg.gr/library/parartima-dimotikis-vivliothikis-amfissas-vivliothiki-quot-giorgoy-gatoy-quot/,2026-08-21,yes,1,,,,
Δημοτική Βιβλιοθήκη Άμφισσας,public,B,Στερεά Ελλάδα,Πλ. Ησαΐα,dbamfiss@gmail.com,"2265350418, 2265028408","Πλ. Ησαΐα 1, Άμφισσα 331 00, Νομός Φωκίδας, Ελλάδα",http://dbamfis.blogspot.gr,https://network.nlg.gr/library/dimotiki-vivliothiki-mfissas/,2026-08-21,yes,1,,,,
Δημοτική Βιβλιοθήκη Αμαρύνθου Δήμου Ερέτριας,public,B,Στερεά Ελλάδα,Θεόδωρου Κολοκοτρώνη και Αγγελή Γοβιού Αμάρυνθος,liberetrias@gmail.com,2229037172,Θεόδωρου Κολοκοτρώνη και Αγγελή Γοβιού Αμάρυνθος 34006,,https://network.nlg.gr/library/dimotiki-vivliothiki-amarinthou-d-eretrias/,2026-08-21,yes,1,,,,
Δημοτική Βιβλιοθήκη Δομοκού,public,B,Στερεά Ελλάδα,Δομοκός,d.bibliothikidomokou@gmail.com,22323 50221,"Πλατεία Μουσών, 35010, Δομοκός",,https://network.nlg.gr/library/dimotiki-vivliothiki-domokou/,2026-08-21,yes,1,,,,
Δημοτική Βιβλιοθήκη Δομοκού Παράρτημα Νέου Μοναστηρίου,public,B,Στερεά Ελλάδα,Δομοκός,nmlibrary@yahoo.com,2232071288,"Νέο Μοναστήρι, 35010, Δομοκός",,https://network.nlg.gr/library/dimotiki-vivliothiki-domokou-parartima-neou-monastiriou/,2026-08-21,yes,1,,,,
Δημοτική Βιβλιοθήκη Θήβας,public,B,Στερεά Ελλάδα,Θήβα,libdth@otenet.gr,22620 27400,"Οιδίποδος & Πινδάρου, 322 00, Θήβα",,https://network.nlg.gr/library/dimotikos-organismos-thivas-n-p-d-d-tmima-politismou-vivliothiki/,2026-08-21,yes,1,,,,
Δημοτική Βιβλιοθήκη Ιτέας,public,B,Στερεά Ελλάδα,Ηλία Τρίγκα,library.iteas@delphi.gov.gr,22653 51117,"Ηλία Τρίγκα 47, 332 00, Ιτέα",,https://network.nlg.gr/library/dimotiki-vivliothiki-iteas/,2026-08-21,yes,1,,,,
Δημοτική Βιβλιοθήκη Καθενών,public,B,Στερεά Ελλάδα,340 14,vivliothiki.dirfion@ddm.gov.gr,2228071630,"Καθενοί Ευβοίας, 340 14",,https://network.nlg.gr/library/dimotiki-vivliothiki-kathenon/,2026-08-21,yes,1,,,,
Δημοτική Βιβλιοθήκη Νέας Αρτάκης,public,B,Στερεά Ελλάδα,Κωνσταντινουπόλεως,vivliothiki.neas.artakis@gmail.com,22213 51919,"Κωνσταντινουπόλεως 80, Νέα Αρτάκη 346 00, Ελλάδα",http://doappex.dimoschalkideon.gr/,https://network.nlg.gr/library/dimotiki-vivliothiki-neas-artakis/,2026-08-21,yes,1,,,,
Δημοτική Βιβλιοθήκη Ψαχνών,public,B,Στερεά Ελλάδα,Ψαχνά,vivliothiki.mes@ddm.gov.gr,22280 25140,"Πλατεία Ηρώων, 34400, Ψαχνά",,https://network.nlg.gr/library/dimotiki-vivliothiki-psachnon/,2026-08-21,yes,1,,,,
Δημόσια Βιβλιοθήκη Αμφίκλειας,public,B,Στερεά Ελλάδα,Aθανασίου Ευταξία,mail@vivl-amfikl.fth.sch.gr,"2234350546, 22340 29033","Aθανασίου Ευταξία 1, Πολιτιστικό Κέντρο ""Παπακώστειον"" Κεντρική Πλατεία, 35002, Αμφίκλεια",http://vivl-amfikl.fth.sch.gr/,https://network.nlg.gr/library/dimosia-vivliothiki-amfikleias/,2026-08-21,yes,1,,,,
Δημόσια Βιβλιοθήκη Δελφών,public,B,Στερεά Ελλάδα,Βασ. Παύλου και Φρειδερίκης,mail@vivl-delfon.fok.sch.gr,2265082617,"Βασ. Παύλου και Φρειδερίκης 40, Τ.Κ. 33054, Δελφοί Φωκίδας",,https://network.nlg.gr/library/dimosia-vivliothiki-delfon/,2026-08-21,yes,1,,,,
Δημόσια Κεντρική Βιβλιοθήκη Καρπενησίου,public,B,Στερεά Ελλάδα,o Χλμ. Εθνικής Οδού Καρπενησίου-Αγρινίου,mail@vivl-karpen.eyr.sch.gr,2237080269,"1o Χλμ. Εθνικής Οδού Καρπενησίου-Αγρινίου, Καρπενήσι, 36100, Ευρυτανία, Στερεά Ελλάδα",http://vivl-karpen.eyr.sch.gr/,https://network.nlg.gr/library/dimosia-kentriki-vivliothiki-karpenisiou/,2026-08-21,yes,1,,,,
Δημόσια Κεντρική Βιβλιοθήκη Λαμίας,public,B,Στερεά Ελλάδα,Αινιάνων  Λαμία,vivllamias@sch.gr,2231050570,Αινιάνων 6 Λαμία 35100,http://www.lamialib.gr,https://network.nlg.gr/library/dimosia-kentriki-vivliothiki-lamias/,2026-08-21,yes,1,,,,
Δημόσια Κεντρική Βιβλιοθήκη Λεβαδείας,public,B,Στερεά Ελλάδα,Κάδμου  & Δαιδάλου,vivlivad@gmail.com,2261081340 (2261089970),"Κάδμου 7 & Δαιδάλου, 32131, Λιβαδειά Βοιωτία",http://www.liblivadia.gr,https://network.nlg.gr/library/dimosia-kentriki-vivliothiki-livadias/,2026-08-21,yes,1,,,,
Δημόσια Κεντρική Βιβλιοθήκη Χαλκίδας,public,B,Στερεά Ελλάδα,Μιχ. Κακαρά  & Αντωνίου,vivlchal@sch.gr,2221022031,"Μιχ. Κακαρά 2 & Αντωνίου, 34132, Χαλκίδα",http://www.vivlchalkida.gr,https://network.nlg.gr/library/dimosia-kentriki-vivliothiki-chalkidas/,2026-08-21,yes,1,,,,
Παιδική Νεανική Δημοτική Βιβλιοθήκη Αιδηψού (ΔΗ.Κ.Ε.Ι.Α),community,B,Στερεά Ελλάδα,Λουτρά Αιδηψού,dikeia2017@gmail.com,2226350011,Λουτρά Αιδηψού 34300,,https://network.nlg.gr/library/pediki-neaniki-dimotiki-vivliothiki-edipsou-di-k-e-i-a/,2026-08-21,yes,1,,,,
Βιβλιοθήκη Αρσακείων Σχολείων Ιωαννίνων,school,C,Ήπειρος,Επαρχιακή οδός Λογγάδων - Βασιλικής Ιωάννινα,bibl-i@arsakeio.gr,2651052055 (712),Επαρχιακή οδός Λογγάδων - Βασιλικής Ιωάννινα 45500,,https://network.nlg.gr/library/vivliothiki-arsakion-scholion-ioanninon/,2026-08-21,yes,1,,,,
CGS Library | Βιβλιοθήκη Εκπαιδευτήρια Κωστέα - Γείτονα,school,C,Αττική,Παλλήνη,library@cgs.edu.gr,210 6030411,"Ελαιώνων & Κάτω Βίγλας, 15351, Παλλήνη",https://library.cgs.gr/,https://network.nlg.gr/library/cgs-library-vivliothiki-ekpaideftiria-kostea-geitona/,2026-08-21,yes,1,,,,
Βιβλιοθήκη Αρσακείων Σχολείων Ψυχικού,school,C,Αττική,Αρσάκη,bibl-ps@arsakeio.gr,210-6755107 (εσωτ. 245),"Αρσάκη 1, Π. Ψυχικό 154 52, Ελλάδα",https://arsakeio-psychiko.openabekt.gr/el,https://network.nlg.gr/library/vivliothiki-arsakeion-scholeion-psychikoy/,2026-08-21,yes,1,,,,
Βιβλιοθήκη Αρσακείων Τοσιτσείων Σχολείων Εκάλης,school,C,Αττική,Λ. Μαραθώνος,bibl-e1@arsakeio.gr,2106218250,"Λ. Μαραθώνος 1, Άνοιξη, 145 69",https://arsakeio-ekali.openabekt.gr/el,https://network.nlg.gr/library/vivliothiki-arsakeion-tositseion-scholeion-ekalis/,2026-08-21,yes,1,,,,
Βιβλιοθήκη Εκπαιδευτηρίων «Ο Πλάτων»,school,C,Αττική,Ελ. Βενιζέλου Γλυκά Νερά,library@platon.gr,2106611793,Ελ. Βενιζέλου Γλυκά Νερά 15354,http://library.platon.gr,https://network.nlg.gr/library/vivliothiki-ekpedeftirion-o-platon/,2026-08-21,yes,1,,,,
"Βιβλιοθήκη Εκπαιδευτηρίων Αργύρη-Λαιμού ""Βιβλιοφάγοι""",school,C,Αττική,Λεωφόρος Γέρακα  Γέρακας,vivliothiki@al.edu.gr,"2106614570, 2106614572",Λεωφόρος Γέρακα 1 Γέρακας 15344,http://www.argiri-laimou.gr,https://network.nlg.gr/library/vivliothiki-ekpedeftirion-argiri-lemou-vivliofagi/,2026-08-21,yes,1,,,,
Βιβλιοθήκη Εκπαιδευτηρίων Αυγουλέα-Λιναρδάτου,school,C,Αττική,Ελευθερίου Βενιζέλου - Περιστέρι,library@avgouleaschool.gr,2115002300 (εσωτ.132),Ελευθερίου Βενιζέλου 112-114 Περιστέρι 12132,http://www.avgouleaschool.gr,https://network.nlg.gr/library/vivliothiki-ekpedeftirion-avgoulea-linardatou/,2026-08-21,yes,1,,,,
Βιβλιοθήκη Εκπαιδευτηρίων Γείτονα,school,C,Αττική,Στέρνιζες Κορωπίου,library@geitonas-school.gr,2109656200,"Λαμπτρών, Στέρνιζες Κορωπίου 19441",https://www.geitonas.edu.gr/betaiotabetalambdaiotaomicrontheta942kappaeta.html,https://network.nlg.gr/library/vivliothiki-ekpaideytirion-geitona/,2026-08-21,yes,1,,,,
Βιβλιοθήκη Εκπαιδευτηρίων Δούκα-Αθλητικο-πολιτιστικού Κέντρου Δαΐς,school,C,Αττική,Mesogeion,library@doukas.gr,210 6186000 (εσωτερικό 631),"Mesogeion 151, Marousi 151 26, Greece",,https://network.nlg.gr/library/ekpaidetiria-doyka/,2026-08-21,yes,1,,,,
Βιβλιοθήκη Ιονίου Σχολής,school,C,Αττική,Λουκή Ακρίτα,ionioslibrary@gmail.com,2106857130,"Λουκή Ακρίτα 10, Φιλοθέη Αθήνα 15237",http://ionioslibrary.gr/,https://network.nlg.gr/library/vivliothiki-ioniou-scholis/,2026-08-21,yes,1,,,,
"Βιβλιοθήκη Λεοντείου Σχολής Αθηνών ""Μαρκελλίνος Σαμπανιά""",school,C,Αττική,Νεϊγύ,Bibliothequelsa@leonteiosedu.gr,210 2522 402 εσ. 314,"Νεϊγύ 17, Αθήνα 111 43, Ελλάδα",,https://network.nlg.gr/library/vivliothiki-leontiou-scholis-athinon-markellinos-sabania/,2026-08-21,yes,1,,,,
Περίκλειος Βιβλιοθήκη του 1ου ΓΕΛ Χολαργού,school,C,Αττική,Καραϊσκάκη  & B. Μελά,perikleioslibrary@gmail.com,"2106538588, 2106513940","Καραϊσκάκη 1 & B. Μελά 16, Χολαργός, 15562",https://perikleioslibrary-1lyk-chol.gr,https://network.nlg.gr/library/perikleios-vivliothiki/,2026-08-21,yes,1,,,,
Βιβλιοθήκη Νηπιαγωγείου Χώρας Σάμου,school,C,Βόρειο Αιγαίο,Σάμος,mail@nip-choras.sam.sch.gr,2273091440,"Χώρα Σάμου, Σάμος, 83103",https://blogs.sch.gr/nipchoras/,https://network.nlg.gr/library/vivliothiki-nipiagogeiou-choras-samou/,2026-08-21,yes,1,,,,
Σχολική Βιβλιοθήκη 6ου Γυμνασίου Τρικάλων,school,C,Θεσσαλία,Αγία Μονή Τρίκαλα,library@6gymtrikala.com,2431022298,"Λάμπρου Κατσώνη, Αγία Μονή Τρίκαλα 42100",http://www.6gymtrikala.com/index.php/library,https://network.nlg.gr/library/scholiki-vivliothiki-6ou-gymnasiou-trikalon/,2026-08-21,yes,1,,,,
Βιβλιοθήκη Γυμνασίου Ν. Απολλωνίας (Δήμος Βόλβης),school,C,Κεντρική Μακεδονία,Νέα Απολλωνία,lib@gym-n-apoll.thess.sch.gr,,,https://www.dimosvolvis.gr/,https://www.dimosvolvis.gr/,2026-08-21,yes,1,,,,βρέθηκε με σάρωση δήμων· επαληθεύτηκε στη σελίδα του δήμου
Σχολική Βιβλιοθήκη Ζάννειου Εκπαιδευτηρίου,school,C,Κρήτη,Ε. Καλομοίρη  & Αρχελάου Ηράκλειο Κρήτης,info@zanneio.com,2810-320364,Ε. Καλομοίρη 25 & Αρχελάου Ηράκλειο Κρήτης 71409,,https://network.nlg.gr/library/scholiki-vivliothiki-zanniou-ekpedeftiriou/,2026-08-21,yes,1,,,,
Vamvakou Revival,school,C,Πελοπόννησος,Βαμβακού,info@vamvakourevival.org,27310 76233,"Βαμβακού 230 67, Ελλάδα",https://www.vamvakourevival.org/,https://network.nlg.gr/library/vamvakou-revival/,2026-08-21,yes,1,,,,
Βιβλιοθήκη ΕΠΑΛ Ξυλοκάστρου,school,C,Πελοπόννησος,Ξυλόκαστρο,mail@1epal-xylok.kor.sch.gr,27430 26286,"Περιοχή Σύθα, Ξυλόκαστρο, 20400",,https://network.nlg.gr/library/vivliothiki-epal-xylokastrou/,2026-08-21,yes,1,,,,
Βιβλιοθήκη Εκπαιδευτηρίων Μπουγά,school,C,Πελοπόννησος,Ακοβίτικα Καλαμάτας,bibliothiki@bougas-school.gr,"27210 92122, 2721092022","Πρωτοελλαδικού Μεγάρου, Ακοβίτικα Καλαμάτας, Καλαμάτα 241 00, Ελλάδα",https://bougas-school.gr,https://network.nlg.gr/library/vivliothiki-ekpedeftirion-bouga/,2026-08-21,yes,1,,,,
Βιβλιοθήκη Εθνολογικού Μουσείου Θράκης,special,D,Αν. Μακεδονία & Θράκη,ης Μαΐου,support@emthrace.org,+30 25510 36663,"14ης Μαΐου 63, Αλεξανδρούπολη, 68100",https://library.emthrace.org/,https://network.nlg.gr/library/vivliothiki-ethnologikou-mouseiou-thrakis/,2026-08-21,yes,1,,,,
Athens Comics Library,special,D,Αττική,Karaiskaki,contact@athenscomicslibrary.gr,210321 0146,"Karaiskaki 28, Athina 105 54, Greece",https://www.athenscomicslibrary.gr,https://network.nlg.gr/library/athens-comics-library/,2026-08-21,yes,1,,,,
Search Παιδική Βιβλιοθήκη Κηφισιάς,special,D,Αττική,Σαράφη,searchchildrenlibrary@gmail.com,210 6252634,"Σαράφη 6, Νέα Ερυθραία 146 71",https://www.search-kifissia-children-library.eu,https://network.nlg.gr/library/search-pediki-vivliothiki-kifisias/,2026-08-21,yes,1,,,,
We Need Books Multilingual Library / Multicultural Centre,special,D,Αττική,Evias,info@weneedbooks.org,+30 21 1182 4043,"Evias 7, Athina 113 62, Greece",https://weneedbooks.org/,https://network.nlg.gr/library/we-need-books-multilingual-library-multicultural-centre/,2026-08-21,yes,1,,,,
Βιβλιοθήκη Αισθητικής - Ίδρυμα Παναγιώτη και Έφης Μιχελή,special,D,Αττική,Βασ. Σοφίας,library@michelisfoundation.gr,210 7218626,"Βασ. Σοφίας 79, Αθήνα 11521",https://www.michelisfoundation.gr/vivliothiki-aisthitikis/,https://network.nlg.gr/library/vivliothiki-aisthitikis-idryma-panagioti-kai-efis-micheli/,2026-08-21,yes,1,,,,
"Βιβλιοθήκη ΕΣΗΕΑ ""Δημήτρης Ι. Πουρνάρας""",special,D,Αττική,Ακαδημίας,library@esiea.gr,2103675560,"Ακαδημίας 20, Αθήνα, 10671",https://www.vivliothikiesiea.gr/,https://network.nlg.gr/library/vivliothiki-esiea-dimitris-i-pournaras/,2026-08-21,yes,1,,,,
Βιβλιοθήκη Ελληνικής Στατιστικής Αρχής,special,D,Αττική,Πειραιώς,library@statistics.gr,2131352313-5 και 2131352347-9,"Πειραιώς 46, Πειραιάς, 18547",https://www.statistics.gr/el/library,https://network.nlg.gr/library/vivliothiki-ellinikis-statistikis-archis/,2026-08-21,yes,1,,,,
Βιβλιοθήκη Θεμάτων Ισότητας και Φύλου και Ιστορικό Αρχείο,special,D,Αττική,Κρατίνου  & Αθηνάς,library@isotita.gr,2103215618,"Κρατίνου 9 & Αθηνάς 61, Τ.Κ. 10552, Αθήνα",https://isotita.gr/vivliothiki-thematwn-isotitas/,https://network.nlg.gr/library/vivliothiki-thematon-isotitas-kai-fylou-kai-istoriko-archeio/,2026-08-21,yes,1,,,,
Βιβλιοθήκη Ιδρύματος Βασίλη & Ελίζας Γουλανδρή,special,D,Αττική,Eratosthenous,library@goulandris.gr,"2107252895 (εσωτ. 255), 2100102155","Eratosthenous 13, Athina 116 35, Greece",https://goulandris.gr/el/education/goulandris-library,https://network.nlg.gr/library/vivliothiki-idrymatos-vasili-amp-elizas-goylandri/,2026-08-21,yes,1,,,,
Βιβλιοθήκη Ινστιτούτου Έρευνας Μουσικής & Ακουστικής,special,D,Αττική,Asklipiou,protocol@iema.gr,210 3310129,"Asklipiou 85, Athina 114 72, Greece",http://www.iema.gr/,https://network.nlg.gr/library/vivliothiki-institoytoy-ereynas-moysikis-amp-akoystikis/,2026-08-21,yes,1,,,excluded:general-inbox,"general/protocol inbox of the parent body, not the library — do not send; re-source from the library itself"
Βιβλιοθήκη Πολεμικού Μουσείου,special,D,Αττική,Ριζάρη -,panagiotis_tsironis@warmuseum.gr,2114111829,"Ριζάρη 2-4, Αθήνα",,https://network.nlg.gr/library/vivliothiki-polemikou-mouseiou/,2026-08-21,yes,1,,,excluded:personal-mailbox,"address is a named individual, not an institutional mailbox — do not send; re-source a generic library address"
Δανειστική Βιβλιοθήκη «Καίτη Λασκαρίδη»,special,D,Αττική,Kountouriotou,info@laskaridisfoundation.org,2169003740,"Kountouriotou 173, Pireas 185 35, Greece",http://www.laskaridisfoundation.org/,https://network.nlg.gr/library/daneistiki-vivliothiki-quot-kaiti-laskaridi-quot/,2026-08-21,yes,1,,,,shared mailbox — represents 2 libraries in this network; send once
Ευώνυμος Οικολογική Βιβλιοθήκη,special,D,Αττική,Αγίων Ασωμάτων,evonymos@tee.gr,21 1184 2049,"Αγίων Ασωμάτων 9, τ.κ. 10553, Αθήνα",https://www.evonymos.org,https://network.nlg.gr/library/evonymos-oikologiki-vivliothiki/,2026-08-21,yes,1,,,,
Ιστορική Βιβλιοθήκη Ιδρύματος Αικατερίνης Λασκαρίδη,special,D,Αττική,as Merarchias,info@laskaridisfoundation.org,2169003700,"2as Merarchias 36, Pireas 185 35, Greece",http://www.laskaridisfoundation.org/,https://network.nlg.gr/library/istoriki-vivliothiki-idrymatos-aikaterinis-laskaridi/,2026-08-21,yes,1,,,duplicate-of:297,shares info@laskaridisfoundation.org with row 297 — already covered by that send
"Μουσική Βιβλιοθήκη ""Λίλιαν Βουδούρη"" του Συλλόγου Οι Φίλοι της Μουσικής",special,D,Αττική,Βασ. Σοφίας & Κόκκαλη,library@megaron.gr,"2107282556, 2107282778","Βασ. Σοφίας & Κόκκαλη 1, Τ.Κ. 11521 Αθήνα",,https://network.nlg.gr/library/mousiki-vivliothiki-lilian-voudouri-tou-syllogou-oi-filoi-tis-mousikis/,2026-08-21,yes,1,,,,
"Αναγνωστήριο Αγιάσου ""Η Ανάπτυξη""",special,D,Βόρειο Αιγαίο,Αγιάσος,info@anagnostirioagiasou.gr,2252022240,"Αγιάσος Λέσβou, 81101, Αγιάσος",https://www.anagnostirioagiasou.gr/,https://network.nlg.gr/library/anagnostirio-agiasou-h-anaptyxi/,2026-08-21,yes,1,,,,
Ιόνιος Βιβλιοθήκη Αιγίου,special,D,Δυτική Ελλάδα,Andronopoulou,ioniosvivliothiki@yahoo.gr,2691062562,"Andronopoulou 12, Egio 251 00, Greece",http://ioniosvivliothiki.blogspot.com/,https://network.nlg.gr/library/ionios-vivliothiki-aigioy/,2026-08-21,yes,1,,,,
Βιβλιοθήκη Καλαμπάκας- Επιμορφωτική Λογοτεχνική & Αστική μη Κερδοσκοπική Εταιρεία Καλαμπάκας,special,D,Θεσσαλία,Ρόδου,info@kalambakalibrary.org,2432023041,"Ρόδου 9, Καλαμπάκα, Τ.Κ. 42200, Θεσσαλία",,https://network.nlg.gr/library/vivliothiki-kalampakas/,2026-08-21,yes,1,,,,
Βιβλιοθήκη Αγροτικού Σωφρονιστικού Καταστήματος Αγιάς Χανίων,special,D,Κρήτη,Αγιά  Χανιά,agiaprisonlibrary@gmail.com,2821031751,"Αγροτικό Σωφρονιστικό Κατάστημα Αγιάς Χανίων, Αγιά 73100 Χανιά, Filaki 731 00, Greece",,https://network.nlg.gr/library/vivliothiki-agrotikou-katastimatos-kratisis-agias/,2026-08-21,yes,1,,,,
Βιβλιοταξιδευτές,special,D,Κρήτη,Χανίων,theod_arg@yahoo.gr,2810283114,"Χανίων 3, Ηράκλειο Κρήτης, 71202",,https://network.nlg.gr/library/vivliotaxideftes/,2026-08-21,yes,1,,,excluded:personal-mailbox,"address is a named individual, not an institutional mailbox — do not send; re-source a generic library address"
Καΐρειος Βιβλιοθήκη,special,D,Νότιο Αιγαίο,Άνδρος,kaireios@otenet.gr,22820 22262 2282024504,Άνδρος 84500,http://www.Kaireios.gr,https://network.nlg.gr/library/kairios-vivliothiki/,2026-08-21,yes,1,,,,
Fougaro Kids' Library,special,D,Πελοπόννησος,Λεωφ. Ασκληπιού,mkonstantopoulou@anthosfougaro.gr,"2752047315, 6941601388","Λεωφ. Ασκληπιού 98, Ναύπλιο 211 00, Ελλάδα",http://www.fougaro.gr,https://network.nlg.gr/library/nea-vivliothiki-fougarou/,2026-08-21,yes,1,,,excluded:personal-mailbox,"address is a named individual, not an institutional mailbox — do not send; re-source a generic library address"
Αργολική Αρχειακή Βιβλιοθήκη Ιστορίας & Πολιτισμού,special,D,Πελοπόννησος,Τσώκρη,argolikoslibrary@yahoo.gr,2751061315,"Τσώκρη 63, Άργος, 21200",https://argolikivivliothiki.gr/,https://network.nlg.gr/library/argoliki-archeiaki-vivliothiki-istorias-politismou/,2026-08-21,yes,1,,,,
ΒΙΒΛΙΟΘΗΚΗ του FOUGARO ARTCENTER,special,D,Πελοπόννησος,Ασκληπιού  Ναύπλιο,info@anthosfougaro.gr,27520-47380 & 27520-47382,Ασκληπιού 98 Ναύπλιο 21100,http://opac.fougaro.gr,https://network.nlg.gr/library/vivliothiki-fougarou/,2026-08-21,yes,1,,,,
"Κοινωφελές ‘Ιδρυμα Μιχαήλ Ν. Στασινόπουλος – ΒΙΟΧΑΛΚΟ, Στάδιο Τεγέας",special,D,Πελοπόννησος,Ίδρυμα Μιχαήλ Ν. Στασινόπουλος-ΒΙΟΧΑΛΚΟ,library@msvf.gr,2710 557111,"Πολιτιστικό Κέντρο, Ίδρυμα Μιχαήλ Ν. Στασινόπουλος-ΒΙΟΧΑΛΚΟ, Επαρχιακή οδός Σταδίου Ψηλής Βρύσης 10, Αρκαδία, Τ.Κ. 220 12",https://www.msvf.gr/el/vivliothiki/,https://network.nlg.gr/library/vivliothiki-quot-koinofeles-idryma-michail-n-stasinopoylos-viochalko-quot-stadio-tegeas/,2026-08-21,yes,1,,,,
Pascal International Education Βιβλιοθήκη Λάρνακας,school,C,Κύπρος (εκτός Ελλάδας),Πολυτεχνείου,zaloumip@pascal.ac.cy,0035722509300 -310,"Πολυτεχνείου 2, Λάρνακα, 7103",https://lcalibpascal.openabekt.gr/,https://network.nlg.gr/library/pascal-international-education-vivliothiki-larnakas/,2026-08-21,no,1,,,,ΕΚΤΟΣ ΕΛΛΑΔΑΣ — εξαιρείται
Pascal International Education Βιβλιοθήκη Λεμεσού,school,C,Κύπρος (εκτός Ελλάδας),Grammaton Street,konstantinoupm@pascal.ac.cy,0035722509410,"2, Grammaton Street, 3112 Palodia, Lemesos",https://pascal-lemesos.mylibrary.cy,https://network.nlg.gr/library/vivliothiki-pascal-lemesou/,2026-08-21,no,1,,,,ΕΚΤΟΣ ΕΛΛΑΔΑΣ — εξαιρείται
Pascal International Education Βιβλιοθήκη Λευκωσίας,school,C,Κύπρος (εκτός Ελλάδας),Κοπεγχάγης,leflib@pascal.ac.cy,0035722509105,"Κοπεγχάγης 177, Λακατάμια, Λευκωσία, T.K.1303",https://leflibpascal.openabekt.gr/,https://network.nlg.gr/library/pascal-international-education-vivliothiki-lefkosias/,2026-08-21,no,1,,,,ΕΚΤΟΣ ΕΛΛΑΔΑΣ — εξαιρείται
Παγκύπριον Γυμνάσιον - Σεβέρειος Βιβλιοθήκη,school,C,Κύπρος (εκτός Ελλάδας),Πλατεία Αρχιεπισκόπου Κυπριανού,severeios-vivliothiki@schools.ac.cy,"00357 22466718, 00357-22747328","Πλατεία Αρχιεπισκόπου Κυπριανού 1016, Λευκωσία Κύπρος",http://lyk-pagkyprion-lef.schools.ac.cy/index.php/el/,https://network.nlg.gr/library/severeios-vivliothiki/,2026-08-21,no,1,,,,ΕΚΤΟΣ ΕΛΛΑΔΑΣ — εξαιρείται
Greek Library of London,special,D,Αγγλία (εκτός Ελλάδας),Victoria Road,info@greeklibrary.org,00447484873585,"58 Victoria Road, New Barnet, EN4 9PE, London",https://www.greeklibrary.org,https://network.nlg.gr/library/greek-library-of-london/,2026-08-21,no,1,,,,ΕΚΤΟΣ ΕΛΛΑΔΑΣ — εξαιρείται
